"FundId","NewsId","CreatedTimeStamp"
"3d3067ce-e9a7-444b-b3f7-001ff4f40572","c827439a-6601-4073-afb2-9d70625c66d9","5/17/2021 9:57:25 AM"
"3d3067ce-e9a7-444b-b3f7-001ff4f40572","615e2e97-4649-4228-b88e-30ee04b55bb5","5/17/2021 4:33:18 PM"
"3d3067ce-e9a7-444b-b3f7-001ff4f40572","b4beb447-4d35-4387-bdd6-a19f40e52f9b","12/5/2021 3:02:39 PM"
"c7c0c7d4-7116-4c64-b1ef-018471e84cf3","8d7d7796-7817-4e7c-9924-1756c7731e69","5/17/2021 9:08:41 PM"
"c7c0c7d4-7116-4c64-b1ef-018471e84cf3","18eafa5b-47b2-4a4e-9238-a1b67e2352fb","5/17/2021 9:10:19 PM"
"4b30c0b2-0b74-4ce3-8685-01b517c7f3d5","c7977114-887c-41b4-9960-a8889442fc20","4/19/2024 12:15:16 PM"
"4b30c0b2-0b74-4ce3-8685-01b517c7f3d5","fa59ae36-9e28-42ef-8895-31d3881ca03f","9/11/2023 10:07:18 PM"
"4b30c0b2-0b74-4ce3-8685-01b517c7f3d5","5fd3e093-5dde-438a-985e-8e3706314d9e","6/26/2023 10:14:06 AM"
"4b30c0b2-0b74-4ce3-8685-01b517c7f3d5","fe025e64-cbd7-4f74-86fe-b08bb33de38d","6/26/2023 12:09:47 PM"
"4b30c0b2-0b74-4ce3-8685-01b517c7f3d5","91c84ca3-0e8c-4367-b57c-0dcfac745f72","6/7/2023 2:36:38 AM"
"4b30c0b2-0b74-4ce3-8685-01b517c7f3d5","e2ba67b0-fecc-4480-a7c3-52d5246ceff9","4/27/2023 6:16:30 PM"
"4b30c0b2-0b74-4ce3-8685-01b517c7f3d5","6211c1ac-9d81-4794-9193-4ad1ecfe2116","10/13/2022 11:07:36 PM"
"4b30c0b2-0b74-4ce3-8685-01b517c7f3d5","b725af0c-8507-4d2a-a3ad-f623576d8053","2/17/2023 7:53:39 AM"
"4b30c0b2-0b74-4ce3-8685-01b517c7f3d5","a8fe156c-f2f4-4186-a765-220cca61e9bd","2/17/2023 7:54:51 AM"
"4b30c0b2-0b74-4ce3-8685-01b517c7f3d5","a53e3c9e-4310-4261-b1c9-a37933ffbfef","2/17/2023 7:54:51 AM"
"4b30c0b2-0b74-4ce3-8685-01b517c7f3d5","3777b8b2-5db6-4f7a-bc5f-1a29fdec8db8","6/28/2021 9:49:24 PM"
"4b30c0b2-0b74-4ce3-8685-01b517c7f3d5","d9a53cd7-43cb-4084-9071-39c385771a99","6/23/2021 7:47:40 PM"
"4b30c0b2-0b74-4ce3-8685-01b517c7f3d5","744ae67c-4428-4f9a-9bfa-47737ca54bf0","6/16/2021 10:17:48 AM"
"4b30c0b2-0b74-4ce3-8685-01b517c7f3d5","8266fccc-77f9-4287-babb-b3f7f2372efd","5/17/2021 1:06:47 PM"
"4b30c0b2-0b74-4ce3-8685-01b517c7f3d5","d1902cb9-4f00-4541-bf88-6b984bceff9f","5/17/2021 12:34:35 PM"
"4b30c0b2-0b74-4ce3-8685-01b517c7f3d5","657e69ae-f869-452c-8ab6-cd6cc164494a","7/3/2022 12:55:26 PM"
"4b30c0b2-0b74-4ce3-8685-01b517c7f3d5","e4240724-82db-452b-a44a-bf6a57dc7539","7/3/2022 12:55:26 PM"
"4b30c0b2-0b74-4ce3-8685-01b517c7f3d5","f41d5d46-251b-49eb-a044-0b051de9ff2a","7/6/2022 4:57:05 PM"
"4b30c0b2-0b74-4ce3-8685-01b517c7f3d5","4db5ad0d-b48c-46ab-ac06-3f911cc766c7","7/3/2022 1:07:26 PM"
"4b30c0b2-0b74-4ce3-8685-01b517c7f3d5","83b491fd-8f16-41c3-ad2f-dc5094c980fc","7/3/2022 1:01:00 PM"
"4b30c0b2-0b74-4ce3-8685-01b517c7f3d5","ac8c6e6f-3360-4e96-818b-19fd2739a51d","7/3/2022 12:58:38 PM"
"cfe7b200-d8e5-4ba9-89e2-01bba0fdf1ac","6b052ed0-7d45-42b1-b9f7-16e06028388d","5/6/2024 9:54:47 AM"
"947f9cbb-2ba2-445e-b142-022fc3dd5cf1","8342663e-664d-49ec-a40e-29904494777e","5/16/2021 8:43:51 PM"
"947f9cbb-2ba2-445e-b142-022fc3dd5cf1","c9bb8f54-06a0-43ee-9e6f-d72d7eec365d","5/16/2021 8:32:49 PM"
"947f9cbb-2ba2-445e-b142-022fc3dd5cf1","aaabdac0-15e6-496f-9673-f8379dd410f5","5/16/2021 8:42:21 PM"
"947f9cbb-2ba2-445e-b142-022fc3dd5cf1","1a1b3d02-deff-4e5d-884f-0c1279cfb22d","5/16/2021 8:41:30 PM"
"947f9cbb-2ba2-445e-b142-022fc3dd5cf1","f5dfd8e9-c733-416d-aca5-3cfe5e964731","5/16/2021 8:35:58 PM"
"b69f72c2-b30a-45a0-b301-037212478fb5","1d86796f-4984-40fd-a7e8-b3569f488658","7/4/2023 12:58:54 AM"
"b69f72c2-b30a-45a0-b301-037212478fb5","7648da48-e8a8-458b-86ba-3801768f888d","6/23/2023 10:50:03 PM"
"b69f72c2-b30a-45a0-b301-037212478fb5","aeb6a25d-e6e1-4cab-a579-b6f0e9103a33","6/9/2023 11:26:38 AM"
"b69f72c2-b30a-45a0-b301-037212478fb5","20f7f627-a96e-4a96-8d62-52ae3e3b7f7b","4/20/2023 4:58:21 PM"
"b69f72c2-b30a-45a0-b301-037212478fb5","ec46fe03-6dc6-4ead-b90a-4e70c3ec6f3c","3/31/2023 8:22:02 AM"
"b69f72c2-b30a-45a0-b301-037212478fb5","42a1e847-5b85-4be2-8d93-7c6fdaf3b3a5","3/31/2023 8:42:05 AM"
"b69f72c2-b30a-45a0-b301-037212478fb5","3161ace4-1c39-42e5-a511-ac9aaea050b5","3/22/2023 9:55:44 AM"
"b69f72c2-b30a-45a0-b301-037212478fb5","ee92d43d-4073-415e-843b-2d04d1c30523","3/15/2023 8:50:35 AM"
"b69f72c2-b30a-45a0-b301-037212478fb5","722ed829-9418-4661-ad2e-10b4e2ee58e7","2/7/2023 8:52:58 PM"
"b69f72c2-b30a-45a0-b301-037212478fb5","2c6df726-4d51-45b8-bc50-93d75f3436e9","1/20/2023 2:06:36 AM"
"b69f72c2-b30a-45a0-b301-037212478fb5","03b30401-3734-4bf7-a41a-2f33460f2773","12/9/2022 5:58:33 PM"
"b69f72c2-b30a-45a0-b301-037212478fb5","b3cf7144-193a-4ae4-ad36-d258ad7e51be","2/17/2023 7:54:51 AM"
"b69f72c2-b30a-45a0-b301-037212478fb5","776729e7-4ef7-4736-95d3-4c978e684c9b","2/17/2023 7:55:48 AM"
"b69f72c2-b30a-45a0-b301-037212478fb5","c586c437-a394-467b-a7a2-9f9395e33633","5/16/2021 9:58:45 PM"
"b69f72c2-b30a-45a0-b301-037212478fb5","b3ed8ab0-ff85-4cb9-a466-392771559ec9","5/16/2021 9:58:32 PM"
"b69f72c2-b30a-45a0-b301-037212478fb5","ea4806bc-970f-491c-8dfd-e66f89e0b16c","7/3/2022 1:01:00 PM"
"b69f72c2-b30a-45a0-b301-037212478fb5","40f58670-fa64-4c70-b766-bce0e5f2302f","7/3/2022 1:01:00 PM"
"b69f72c2-b30a-45a0-b301-037212478fb5","de82eacc-0224-4c7b-bdba-3a1abc7442dc","7/3/2022 1:04:46 PM"
"5fc3739a-d25e-4be0-9c58-041daad942bd","7414524f-f3a6-453e-a14f-7558519b2300","10/28/2021 7:02:15 AM"
"5fc3739a-d25e-4be0-9c58-041daad942bd","deb6049d-34b7-48a4-93a2-02c0b0804cd3","5/18/2021 8:38:20 AM"
"5fc3739a-d25e-4be0-9c58-041daad942bd","620be73c-2a60-4dc1-bf88-511b914c6b8c","10/28/2021 7:02:15 AM"
"df30fba0-46b5-4174-b9fe-0433615f1c4e","dbde6730-9b6c-4422-be01-a83807b6723d","5/17/2021 3:42:31 PM"
"09fb79aa-1010-4a9b-8854-0436c980aa2e","ea24a516-f83f-4826-b04c-f69a6ffff0b8","5/16/2021 8:39:14 PM"
"bd6da834-6206-43f6-8cb4-04438d21ba12","3cbe018c-0b02-4455-8fd6-440632d0038a","12/7/2021 5:16:01 AM"
"bd6da834-6206-43f6-8cb4-04438d21ba12","672faf03-e4c8-4d75-becb-d3503aabd2e1","10/16/2023 4:32:17 PM"
"bd6da834-6206-43f6-8cb4-04438d21ba12","ae1b566d-2ce2-40ea-b1a6-40a5113cbe0f","5/25/2021 11:00:01 AM"
"bd6da834-6206-43f6-8cb4-04438d21ba12","b90805e4-0291-43b0-b31e-5ab7457c9f8a","5/25/2021 11:00:18 AM"
"bd6da834-6206-43f6-8cb4-04438d21ba12","b8c3e562-ebd0-46b3-b51a-d4b679ff82c3","5/22/2022 10:57:21 AM"
"bd6da834-6206-43f6-8cb4-04438d21ba12","0ce40b36-bb82-458b-b83f-22018a7bda77","8/4/2021 2:13:30 PM"
"4b626e98-b338-4f35-96f0-046057c5abe9","7785a0ec-d62c-40db-b81e-6ba8335f505b","5/3/2024 6:58:46 AM"
"4b626e98-b338-4f35-96f0-046057c5abe9","8ade8561-2417-4320-b307-99a9745f1f10","9/15/2022 3:17:21 PM"
"4b626e98-b338-4f35-96f0-046057c5abe9","37307eb9-cb76-4584-a581-e67667dbe490","4/20/2022 9:49:54 PM"
"4b626e98-b338-4f35-96f0-046057c5abe9","29783aed-f3e2-4de2-98b6-cf969be7e373","1/12/2022 2:54:26 PM"
"4b626e98-b338-4f35-96f0-046057c5abe9","6f7ed18a-031f-4155-b314-b38b8d1dbf02","7/19/2021 6:41:25 PM"
"4b626e98-b338-4f35-96f0-046057c5abe9","b10cd532-c1dc-47fe-a14a-da8d818940f2","5/16/2021 8:29:02 PM"
"4b626e98-b338-4f35-96f0-046057c5abe9","9f0765ed-8c68-4533-9e7d-d8fb5b9436a4","5/17/2021 3:31:43 PM"
"4b626e98-b338-4f35-96f0-046057c5abe9","0abe6a64-1fc4-43ce-9d5d-c469810fdefd","5/16/2021 9:49:44 PM"
"4b626e98-b338-4f35-96f0-046057c5abe9","ecfcda09-c1e3-4c1d-bf69-5c88e111988a","5/16/2021 9:49:44 PM"
"4b626e98-b338-4f35-96f0-046057c5abe9","98c46370-9dc7-41a2-b37d-216a03257f7f","5/17/2021 4:32:09 PM"
"4b626e98-b338-4f35-96f0-046057c5abe9","6d137e9c-bb42-4696-923f-ef9cd49140b7","5/17/2021 4:30:17 PM"
"4b626e98-b338-4f35-96f0-046057c5abe9","6d941123-4709-4ebe-974d-7c9573b52f58","5/17/2021 4:56:43 PM"
"4b626e98-b338-4f35-96f0-046057c5abe9","5c17b76b-3dee-4a53-b7b5-3c8ca23a4d10","5/17/2021 4:32:09 PM"
"4b626e98-b338-4f35-96f0-046057c5abe9","1c141f5c-60d1-46c0-a750-b3498be31487","9/12/2023 11:11:24 AM"
"4b626e98-b338-4f35-96f0-046057c5abe9","18c5ae5c-8fb2-480c-8e0d-8a92174834a6","9/12/2023 11:11:24 AM"
"4b626e98-b338-4f35-96f0-046057c5abe9","d2ca77c5-e924-4183-8dd8-dda1c20520dc","5/16/2021 8:38:19 PM"
"4b626e98-b338-4f35-96f0-046057c5abe9","791502d3-1379-49cc-86c1-a6add7e9c820","5/17/2021 8:45:07 PM"
"4b626e98-b338-4f35-96f0-046057c5abe9","f79f8663-e783-4f70-9278-d9bbf7ea3d94","5/16/2021 8:35:58 PM"
"4b626e98-b338-4f35-96f0-046057c5abe9","f805d581-e689-493c-882e-721417c49ef1","5/16/2021 8:27:30 PM"
"4b626e98-b338-4f35-96f0-046057c5abe9","c03e7e4d-0223-4526-96ce-19a76cde6049","5/17/2021 1:29:30 PM"
"4b626e98-b338-4f35-96f0-046057c5abe9","e54b7e56-2f75-4989-b01f-a036546a2608","5/16/2021 8:35:58 PM"
"4b626e98-b338-4f35-96f0-046057c5abe9","6d84f725-df4c-4aca-bf49-bb231dcabb7d","5/16/2021 8:29:43 PM"
"4b626e98-b338-4f35-96f0-046057c5abe9","6a288cc5-ed33-4994-bdad-dc2e22e3dc28","5/17/2021 9:36:18 AM"
"4b626e98-b338-4f35-96f0-046057c5abe9","c721a8e4-4b8a-4cee-a052-e14468646e36","5/17/2021 8:44:34 PM"
"4b626e98-b338-4f35-96f0-046057c5abe9","29819269-9f06-4a92-b53c-e63745214d1f","5/16/2021 9:02:17 PM"
"4b626e98-b338-4f35-96f0-046057c5abe9","3e95fb8c-09bf-48ef-b00f-13e70742ab8b","5/16/2021 9:25:22 PM"
"4b626e98-b338-4f35-96f0-046057c5abe9","cb494c00-d2e7-4d0d-8a5e-baa453625dea","5/16/2021 8:58:23 PM"
"4b626e98-b338-4f35-96f0-046057c5abe9","7bd1726e-04cd-41d8-81d2-708d3640fcd3","5/16/2021 9:08:08 PM"
"4b626e98-b338-4f35-96f0-046057c5abe9","49ad2b35-ab93-406d-a00d-6081bbf3579b","5/16/2021 9:13:50 PM"
"4b626e98-b338-4f35-96f0-046057c5abe9","7f78cc3e-ae73-4678-bdb6-d370ec7a95b3","5/16/2021 9:00:09 PM"
"4b626e98-b338-4f35-96f0-046057c5abe9","03ebc136-eec1-4faf-9ed6-2bb883556df8","5/16/2021 9:26:23 PM"
"4b626e98-b338-4f35-96f0-046057c5abe9","52c3cc27-d1fe-41f8-8c88-52ced4b28a3e","5/16/2021 9:16:08 PM"
"4b626e98-b338-4f35-96f0-046057c5abe9","621bdece-e706-4a48-9d1c-69e9e56d8709","5/16/2021 8:59:45 PM"
"4b626e98-b338-4f35-96f0-046057c5abe9","653a5855-1298-4e21-a1ca-bbac38d90326","5/16/2021 9:01:11 PM"
"4b626e98-b338-4f35-96f0-046057c5abe9","537caf36-a897-45d8-ad25-faa56f57ee12","5/16/2021 9:27:16 PM"
"4b626e98-b338-4f35-96f0-046057c5abe9","26263923-202a-4cce-93aa-a11811b69e3b","5/16/2021 9:28:54 PM"
"4b626e98-b338-4f35-96f0-046057c5abe9","1a5054b7-da4a-4eb8-bda4-9c3d8fb1c599","5/16/2021 9:20:56 PM"
"4b626e98-b338-4f35-96f0-046057c5abe9","b918b5eb-4740-44e2-945e-3759ae4fbc6f","5/16/2021 9:29:09 PM"
"4b626e98-b338-4f35-96f0-046057c5abe9","5bdcd621-fd65-4885-a9e4-346402c11408","5/16/2021 9:05:10 PM"
"4b626e98-b338-4f35-96f0-046057c5abe9","a25dc5de-1a65-47eb-a99d-9c73511ab179","5/16/2021 9:23:47 PM"
"4b626e98-b338-4f35-96f0-046057c5abe9","e492df91-6b0a-4eac-8485-fc9d6af5ce57","5/16/2021 9:11:03 PM"
"4b626e98-b338-4f35-96f0-046057c5abe9","f78e2879-b5d8-4c9c-acb8-80cd4e4dc845","5/16/2021 9:03:11 PM"
"4b626e98-b338-4f35-96f0-046057c5abe9","e929b0d3-6349-4d6c-b9fa-39c650a0b836","5/16/2021 9:25:22 PM"
"4b626e98-b338-4f35-96f0-046057c5abe9","8266f359-7e0b-4be4-8ed8-ed057367c490","5/16/2021 9:00:45 PM"
"4b626e98-b338-4f35-96f0-046057c5abe9","2d453f1d-9f38-41e0-9f91-92ec26e5b7c5","5/16/2021 9:19:25 PM"
"4b626e98-b338-4f35-96f0-046057c5abe9","2b6bd520-444d-46af-9a01-0b96ef9d5938","5/18/2022 4:45:11 PM"
"4b626e98-b338-4f35-96f0-046057c5abe9","1a488e62-6dc2-422a-b0d8-d570cd2e4dfb","5/18/2022 4:46:27 PM"
"552b3f53-4286-4a62-8697-05336d8dbddf","106f6b41-be6d-4a50-8bcd-d6b8a1ae6c2c","6/22/2024 6:48:37 PM"
"552b3f53-4286-4a62-8697-05336d8dbddf","dd9e721b-6f0a-4b44-8721-3f0e1100e4d6","4/28/2024 8:38:24 AM"
"552b3f53-4286-4a62-8697-05336d8dbddf","c0b62a7e-251b-42de-9c25-28961908005c","4/24/2024 3:55:30 PM"
"552b3f53-4286-4a62-8697-05336d8dbddf","b7f9b637-a608-44cf-b571-e6090f828093","1/5/2023 10:15:11 AM"
"552b3f53-4286-4a62-8697-05336d8dbddf","f049c4d3-0343-40e0-9332-79cee87c3d3a","11/22/2022 10:52:47 PM"
"552b3f53-4286-4a62-8697-05336d8dbddf","e5989766-3af5-48de-8a55-c80511bc450f","7/11/2022 6:53:58 PM"
"552b3f53-4286-4a62-8697-05336d8dbddf","1cfd016d-4832-48af-9364-e8bd996fe1eb","3/22/2022 10:34:03 PM"
"552b3f53-4286-4a62-8697-05336d8dbddf","da70d9f6-0af6-4587-9173-dae6b3f76307","8/4/2021 2:12:50 PM"
"552b3f53-4286-4a62-8697-05336d8dbddf","2507f4e9-ad61-48a2-b5d2-487357e7f4c5","7/30/2021 4:48:01 AM"
"552b3f53-4286-4a62-8697-05336d8dbddf","e78bc66d-1b8c-45a2-a47d-3f396c6d8e63","5/17/2021 7:59:22 PM"
"552b3f53-4286-4a62-8697-05336d8dbddf","66c0ca2e-c9a7-47e3-b3b6-ec66a2f1ac54","5/17/2021 4:49:11 PM"
"552b3f53-4286-4a62-8697-05336d8dbddf","2a117a15-2816-4ed5-b3fb-92ab1a9ff356","5/17/2021 4:32:09 PM"
"552b3f53-4286-4a62-8697-05336d8dbddf","dfe65c20-a050-473a-97e3-3b2a1fee9eca","5/17/2021 4:27:56 PM"
"552b3f53-4286-4a62-8697-05336d8dbddf","176fb90c-c238-425a-9bed-760d62b036a8","1/7/2024 5:38:57 PM"
"552b3f53-4286-4a62-8697-05336d8dbddf","3e439c0e-0531-4ace-8fc3-9d8aab012deb","5/17/2021 4:33:58 PM"
"552b3f53-4286-4a62-8697-05336d8dbddf","87217d38-92ab-43fe-956a-d638b46d0388","1/7/2024 6:01:38 PM"
"552b3f53-4286-4a62-8697-05336d8dbddf","e38f04ef-3b05-460f-9e9b-a7bc2f5b316e","5/17/2021 4:33:58 PM"
"552b3f53-4286-4a62-8697-05336d8dbddf","33240f92-3d4c-4d2e-8eb7-c5785113d065","1/7/2024 5:32:51 PM"
"552b3f53-4286-4a62-8697-05336d8dbddf","45b3052a-16f3-4dd5-96a5-577c34eb2506","5/17/2021 4:38:21 PM"
"552b3f53-4286-4a62-8697-05336d8dbddf","fbaf3721-b8c4-4c7b-bc8c-9b5878ae7694","5/16/2021 8:39:50 PM"
"552b3f53-4286-4a62-8697-05336d8dbddf","c2ad77be-7b99-4c2f-b74b-420336ace4fb","5/17/2021 4:56:52 PM"
"552b3f53-4286-4a62-8697-05336d8dbddf","6bf40a46-4ded-46e2-b2b1-5ebd8cc71b28","5/16/2021 8:46:18 PM"
"552b3f53-4286-4a62-8697-05336d8dbddf","e663edd0-720a-4ed8-ae94-533f38b25e8b","5/16/2021 8:23:40 PM"
"552b3f53-4286-4a62-8697-05336d8dbddf","3b0a6928-ebac-4337-902d-b9d9ae107343","5/17/2021 8:45:33 PM"
"552b3f53-4286-4a62-8697-05336d8dbddf","537ee6f9-9d26-4b8c-ae2d-2517b6782042","5/16/2021 8:41:57 PM"
"552b3f53-4286-4a62-8697-05336d8dbddf","d6d75449-014b-4296-95b6-f2dfde33bf3f","5/16/2021 8:26:56 PM"
"552b3f53-4286-4a62-8697-05336d8dbddf","1f7908d6-7b2c-497e-a813-ab99fa675f8d","5/16/2021 8:28:08 PM"
"552b3f53-4286-4a62-8697-05336d8dbddf","74ffa27a-2bd1-4ac6-9c52-2c79a1eec980","5/16/2021 8:32:49 PM"
"552b3f53-4286-4a62-8697-05336d8dbddf","7dce21f7-ad85-40b3-90b1-e27157a67fca","5/16/2021 8:24:57 PM"
"552b3f53-4286-4a62-8697-05336d8dbddf","bcac958f-df67-4469-9e5c-28810fd6458d","5/16/2021 8:35:17 PM"
"552b3f53-4286-4a62-8697-05336d8dbddf","35d4ba27-5073-4c5b-aa51-67d4c9f91361","5/16/2021 8:36:56 PM"
"552b3f53-4286-4a62-8697-05336d8dbddf","a3565625-0672-44ee-82df-bb374299ab50","5/16/2021 8:44:57 PM"
"552b3f53-4286-4a62-8697-05336d8dbddf","0c0ae826-eb93-4f85-94b0-e735ba73abc5","5/18/2022 4:46:27 PM"
"93a7c0f6-d782-47f5-b675-054123fc0b11","60e64d93-01b5-4e0c-a53b-1bd4fac09515","5/17/2021 3:39:28 PM"
"93a7c0f6-d782-47f5-b675-054123fc0b11","4bd073c2-c5a0-48d4-836b-633d2e4036d0","5/17/2021 8:45:33 PM"
"93a7c0f6-d782-47f5-b675-054123fc0b11","c236b902-06c0-4706-870f-cd90b23b0004","5/19/2022 9:32:45 AM"
"93a7c0f6-d782-47f5-b675-054123fc0b11","669d729e-86a7-46a6-8ee6-da82b1a71fdb","5/16/2021 9:16:46 PM"
"93a7c0f6-d782-47f5-b675-054123fc0b11","d7b0301c-894d-4199-8a94-012175d53237","5/16/2021 8:25:43 PM"
"93a7c0f6-d782-47f5-b675-054123fc0b11","4edcf432-aa04-4566-a3f4-cc56dd3074f4","5/17/2021 12:14:43 PM"
"93a7c0f6-d782-47f5-b675-054123fc0b11","5c7b4519-3283-4292-83c2-3d8efd625644","5/17/2021 8:46:10 PM"
"93a7c0f6-d782-47f5-b675-054123fc0b11","928b42a8-bf8f-472a-8e75-34092299be45","5/5/2022 5:47:24 AM"
"93a7c0f6-d782-47f5-b675-054123fc0b11","a02d2e44-5088-42f3-a3be-ed596b818845","5/16/2021 8:29:22 PM"
"93a7c0f6-d782-47f5-b675-054123fc0b11","8d4dfe07-4b58-4f7e-8ed1-f2c01ef7451b","5/16/2021 8:42:53 PM"
"93a7c0f6-d782-47f5-b675-054123fc0b11","c9b72f23-dd9a-4d6a-a150-986898749a10","5/17/2021 4:14:27 PM"
"93a7c0f6-d782-47f5-b675-054123fc0b11","54b6a39c-05a9-41fe-b590-5b8ddf920626","5/17/2021 8:52:08 PM"
"93a7c0f6-d782-47f5-b675-054123fc0b11","b0ad61b6-7fcb-4ace-a96f-ee7a66df8a70","5/17/2021 9:37:22 AM"
"93a7c0f6-d782-47f5-b675-054123fc0b11","1bba13f0-34cb-439a-82b4-79688d311765","5/17/2021 8:45:07 PM"
"93a7c0f6-d782-47f5-b675-054123fc0b11","3fa0d033-7da1-419e-b547-3ea5b7e695da","5/16/2021 9:08:25 PM"
"93a7c0f6-d782-47f5-b675-054123fc0b11","defacdd3-2309-4c81-9594-2d39f0abd5a7","5/16/2021 9:09:10 PM"
"93a7c0f6-d782-47f5-b675-054123fc0b11","0f8fa7f4-283b-49a0-9a1b-872fd5098601","5/16/2021 9:20:56 PM"
"93a7c0f6-d782-47f5-b675-054123fc0b11","17239937-7b6e-48e4-9ca9-ddaafd9a5c14","5/16/2021 9:02:33 PM"
"93a7c0f6-d782-47f5-b675-054123fc0b11","9dbec978-ca4a-4e23-81b3-8e725ef6784c","5/16/2021 9:20:07 PM"
"93a7c0f6-d782-47f5-b675-054123fc0b11","02e5eb4f-c958-49be-b73a-d6c6d7620f4e","5/16/2021 9:13:06 PM"
"93a7c0f6-d782-47f5-b675-054123fc0b11","e492df91-6b0a-4eac-8485-fc9d6af5ce57","5/16/2021 9:11:03 PM"
"93a7c0f6-d782-47f5-b675-054123fc0b11","c15b211b-1398-4984-956e-0edb76b28745","5/16/2021 9:20:56 PM"
"93a7c0f6-d782-47f5-b675-054123fc0b11","7bf23101-4cd8-4e38-8eeb-b28c82835a56","5/16/2021 9:27:41 PM"
"93a7c0f6-d782-47f5-b675-054123fc0b11","7d9a9bde-e77c-4caf-98e1-549aa777657b","5/18/2022 5:03:48 PM"
"93a7c0f6-d782-47f5-b675-054123fc0b11","d3d31e1a-5cfe-4c4b-9339-23a6bd3c5e97","5/18/2022 5:03:48 PM"
"93a7c0f6-d782-47f5-b675-054123fc0b11","cedd7f9c-b7bc-4191-a0d5-5fa3cd901f54","5/18/2022 4:55:40 PM"
"93a7c0f6-d782-47f5-b675-054123fc0b11","fca31fbf-6f46-4a3b-82cf-a94b7f0a0314","5/18/2022 5:00:09 PM"
"8bc65544-b45b-420f-ad9c-056a4db027f9","ff5faa38-e416-49d8-bf2d-df708104130d","3/7/2023 2:03:25 AM"
"8bc65544-b45b-420f-ad9c-056a4db027f9","ec2b4bec-c5a6-45ae-b08e-834ec9ed98ee","11/18/2023 7:41:49 PM"
"8bc65544-b45b-420f-ad9c-056a4db027f9","bd9eef16-b9cc-4865-ab42-9475418aed10","10/28/2022 7:07:12 AM"
"8bc65544-b45b-420f-ad9c-056a4db027f9","5f656b82-64ab-4e76-9f67-8e2163769186","2/22/2022 1:49:32 PM"
"8bc65544-b45b-420f-ad9c-056a4db027f9","f0cc59e7-7442-4677-88b4-ea922dcc81b0","1/12/2022 4:50:17 PM"
"8bc65544-b45b-420f-ad9c-056a4db027f9","3ce9f3e4-0d95-4dd8-8800-6dea2dded847","10/14/2021 7:12:21 PM"
"8bc65544-b45b-420f-ad9c-056a4db027f9","9ba160e6-a686-4198-8b61-11b5290e7985","8/17/2021 2:57:30 PM"
"8bc65544-b45b-420f-ad9c-056a4db027f9","5713a398-b580-492b-b0f4-9a41b60a5691","10/14/2021 7:20:46 PM"
"8bc65544-b45b-420f-ad9c-056a4db027f9","580f5583-d69e-4d0c-a15d-4b44c73c6255","5/17/2021 12:42:41 PM"
"8bc65544-b45b-420f-ad9c-056a4db027f9","aae4dc8e-ede0-441c-b52f-d84bb556b28d","5/17/2021 12:52:34 PM"
"8bc65544-b45b-420f-ad9c-056a4db027f9","0681067a-a1a5-4738-a3af-c0a236106a39","5/18/2021 7:37:46 AM"
"8bc65544-b45b-420f-ad9c-056a4db027f9","b87112a8-7bf0-4464-b041-aef6d7daf520","5/16/2021 8:41:30 PM"
"8bc65544-b45b-420f-ad9c-056a4db027f9","31ab5773-cc05-4f3a-8567-4d43dbca7deb","5/17/2021 3:41:37 PM"
"8bc65544-b45b-420f-ad9c-056a4db027f9","2e7e2f4f-7fe9-4132-9768-11ea926536b7","5/16/2021 8:26:56 PM"
"8bc65544-b45b-420f-ad9c-056a4db027f9","b89dbc30-0a71-40da-bbb0-9e336f9a5502","5/16/2021 9:30:11 PM"
"8bc65544-b45b-420f-ad9c-056a4db027f9","5cd17787-f321-4f6e-8ce4-cfb14ab876c2","5/17/2021 1:31:28 PM"
"8bc65544-b45b-420f-ad9c-056a4db027f9","c001ae49-07f9-412e-a72e-b300fab48815","5/17/2021 2:23:45 PM"
"8bc65544-b45b-420f-ad9c-056a4db027f9","18b1ea46-ee31-4e50-9aa8-162734785043","5/18/2021 9:14:20 AM"
"8bc65544-b45b-420f-ad9c-056a4db027f9","05038551-e2b2-4550-8596-6f9dd984a0b6","6/23/2021 3:08:13 PM"
"8bc65544-b45b-420f-ad9c-056a4db027f9","353e41cf-7bde-47b0-88aa-202848058fd1","5/18/2021 9:14:20 AM"
"8bc65544-b45b-420f-ad9c-056a4db027f9","5ce312f5-0e43-41a4-8bea-e6f0fdbba7df","5/17/2021 4:56:52 PM"
"8bc65544-b45b-420f-ad9c-056a4db027f9","ccadee13-5618-4d4e-856a-d2e58f51f1c7","5/16/2021 8:41:57 PM"
"8bc65544-b45b-420f-ad9c-056a4db027f9","44c09163-3645-4223-9dc9-6bc71e3a5b6c","5/18/2021 9:14:20 AM"
"8bc65544-b45b-420f-ad9c-056a4db027f9","ec539f35-1619-4a30-a40f-71a2c1f72fcb","5/17/2021 4:34:45 PM"
"8bc65544-b45b-420f-ad9c-056a4db027f9","a5a24908-d947-44c0-a251-470993e93fa4","5/16/2021 9:49:04 PM"
"8bc65544-b45b-420f-ad9c-056a4db027f9","63f547bd-67cd-406d-9803-ddce66cf638a","5/16/2021 8:26:56 PM"
"8bc65544-b45b-420f-ad9c-056a4db027f9","fa915c88-3489-49eb-9b33-0595ff8fa889","5/17/2021 12:10:35 PM"
"8bc65544-b45b-420f-ad9c-056a4db027f9","60e64d93-01b5-4e0c-a53b-1bd4fac09515","5/17/2021 3:39:28 PM"
"8bc65544-b45b-420f-ad9c-056a4db027f9","026dfce2-b106-419f-86e3-124da63a31db","5/17/2021 4:56:52 PM"
"8bc65544-b45b-420f-ad9c-056a4db027f9","b2530b97-7e9e-4168-90df-7e55978871e5","5/16/2021 9:04:36 PM"
"8bc65544-b45b-420f-ad9c-056a4db027f9","9406703e-24bb-4d34-861a-0146f0478a44","5/16/2021 8:30:20 PM"
"8bc65544-b45b-420f-ad9c-056a4db027f9","6347c338-a975-40a4-8c01-f8dfe0cd0006","5/17/2021 12:24:26 PM"
"8bc65544-b45b-420f-ad9c-056a4db027f9","a7db9d8b-81b0-4db5-9e3a-c46b31c6641b","5/17/2021 3:40:32 PM"
"8bc65544-b45b-420f-ad9c-056a4db027f9","7e18548a-3b14-45de-b185-b612462d398e","5/16/2021 8:33:47 PM"
"8bc65544-b45b-420f-ad9c-056a4db027f9","8cfb9850-e506-4068-b63a-18fe47a9b5cd","5/16/2021 9:14:39 PM"
"8bc65544-b45b-420f-ad9c-056a4db027f9","2b82b24b-2be3-4384-bb4e-b4f33e9216f6","6/23/2021 10:41:20 AM"
"8bc65544-b45b-420f-ad9c-056a4db027f9","06d4511f-4688-438a-a0e4-f7b0514518c6","5/16/2021 8:32:29 PM"
"8bc65544-b45b-420f-ad9c-056a4db027f9","ba1c550f-346d-4f46-a979-3d7f1b2b6aa6","5/16/2021 9:03:11 PM"
"8bc65544-b45b-420f-ad9c-056a4db027f9","53990de5-ebe8-4245-95c2-936013f2dcbd","5/16/2021 8:24:27 PM"
"8bc65544-b45b-420f-ad9c-056a4db027f9","c3f6218b-9fa4-4610-8d1f-ab12d8a5171d","5/19/2022 9:57:32 AM"
"8bc65544-b45b-420f-ad9c-056a4db027f9","eafd6780-9843-4e53-946f-836147ba9e44","5/17/2021 8:44:00 PM"
"8bc65544-b45b-420f-ad9c-056a4db027f9","a202b143-97ae-4c25-a6f9-c95635687126","5/18/2021 7:37:46 AM"
"8bc65544-b45b-420f-ad9c-056a4db027f9","ff9d5648-1650-49bc-9b77-bbaa43e32e7a","5/17/2021 3:31:43 PM"
"8bc65544-b45b-420f-ad9c-056a4db027f9","9d92d914-6b59-4735-8b32-1b87215debeb","5/17/2021 1:29:30 PM"
"8bc65544-b45b-420f-ad9c-056a4db027f9","c5530f7c-5c09-4909-887d-34f0b8fae4d7","5/17/2021 1:30:34 PM"
"8bc65544-b45b-420f-ad9c-056a4db027f9","28f72442-e1c7-469c-8ef8-81e601ab3407","5/16/2021 9:57:17 PM"
"8bc65544-b45b-420f-ad9c-056a4db027f9","53d6d809-7ce8-438e-82c4-ce9507e02ba8","5/17/2021 1:29:12 PM"
"8bc65544-b45b-420f-ad9c-056a4db027f9","43bb8851-9d1a-46f9-9416-b8302c64c677","5/16/2021 8:45:54 PM"
"8bc65544-b45b-420f-ad9c-056a4db027f9","db1121b8-4e92-47ac-b25c-299ea9d36e32","5/17/2021 12:39:38 PM"
"8bc65544-b45b-420f-ad9c-056a4db027f9","cb2fbd5f-750b-4d60-bc75-c88951490241","5/17/2021 8:45:33 PM"
"8bc65544-b45b-420f-ad9c-056a4db027f9","3f3087c5-2806-42e6-9859-2698b8b7fb57","5/17/2021 8:50:13 PM"
"8bc65544-b45b-420f-ad9c-056a4db027f9","53a8f795-7328-48fd-9d1f-b531de3cb65b","5/16/2021 8:25:19 PM"
"8bc65544-b45b-420f-ad9c-056a4db027f9","ce45f600-1eef-4042-90c1-b15128c6f5ba","5/5/2022 5:45:20 AM"
"8bc65544-b45b-420f-ad9c-056a4db027f9","1bbe1c56-9fbf-4167-8a53-bc9f4b75f765","5/16/2021 8:35:58 PM"
"8bc65544-b45b-420f-ad9c-056a4db027f9","14a93c7a-ff60-4587-b58b-ee8e7f248dac","7/3/2022 11:53:40 AM"
"8bc65544-b45b-420f-ad9c-056a4db027f9","08fd2e67-9615-4bdb-8373-a86972200311","5/16/2021 8:26:56 PM"
"8bc65544-b45b-420f-ad9c-056a4db027f9","7c6c3445-9843-48da-9112-415c48703b29","5/16/2021 8:32:29 PM"
"8bc65544-b45b-420f-ad9c-056a4db027f9","a7a4ed4a-dcbb-4f90-843a-3c7aae55dd7d","5/16/2021 8:25:43 PM"
"8bc65544-b45b-420f-ad9c-056a4db027f9","15e435ab-23ca-421b-bb53-7f957070a992","5/16/2021 8:37:54 PM"
"8bc65544-b45b-420f-ad9c-056a4db027f9","69f2b6d7-a315-487d-bddc-523f20027303","5/17/2021 9:37:22 AM"
"8bc65544-b45b-420f-ad9c-056a4db027f9","19db9751-2887-4273-828d-4067dfbaed06","5/16/2021 8:45:54 PM"
"8bc65544-b45b-420f-ad9c-056a4db027f9","2e3e6e11-55c9-4074-bb7a-8e2a08d1bba7","5/17/2021 12:27:44 PM"
"8bc65544-b45b-420f-ad9c-056a4db027f9","4f56ec9b-0ce8-48d4-9731-52fd00aab1d2","5/5/2022 5:47:24 AM"
"8bc65544-b45b-420f-ad9c-056a4db027f9","f7c634ac-c1f0-49f0-83dd-e031e4d12379","5/16/2021 8:41:01 PM"
"8bc65544-b45b-420f-ad9c-056a4db027f9","a6883242-ef58-4f5c-bf8b-6a2e5f3c69d6","5/17/2021 12:45:27 PM"
"8bc65544-b45b-420f-ad9c-056a4db027f9","f85e42d3-f46e-45cb-b5d5-ad9fdcab103c","5/16/2021 8:38:19 PM"
"8bc65544-b45b-420f-ad9c-056a4db027f9","9236e2cf-7ce0-4536-a6b1-572d704c4801","5/16/2021 8:37:27 PM"
"8bc65544-b45b-420f-ad9c-056a4db027f9","70366c8a-4ff6-4ac7-8d16-6a9c1406bf1c","5/16/2021 8:25:43 PM"
"8bc65544-b45b-420f-ad9c-056a4db027f9","74547eea-06de-4d25-9ec9-4cec852f3c80","5/16/2021 8:38:19 PM"
"8bc65544-b45b-420f-ad9c-056a4db027f9","256b1e86-ca41-482c-b5e0-77697d4eac30","5/17/2021 12:09:37 PM"
"8bc65544-b45b-420f-ad9c-056a4db027f9","9c127978-db78-4e37-a728-fe7a9fa01609","5/16/2021 8:31:22 PM"
"8bc65544-b45b-420f-ad9c-056a4db027f9","94373d31-73af-4155-bff5-97f38f0c968f","5/16/2021 8:45:54 PM"
"8bc65544-b45b-420f-ad9c-056a4db027f9","5c99490c-d0a7-4108-bb0a-bfbd2e2236f2","5/19/2022 6:18:39 AM"
"8bc65544-b45b-420f-ad9c-056a4db027f9","8a59e016-7a0a-45bf-a778-411458bad595","5/19/2022 6:18:39 AM"
"8bc65544-b45b-420f-ad9c-056a4db027f9","64ded385-6f73-429f-af5b-b5353dad33f5","5/19/2022 6:17:59 AM"
"8bc65544-b45b-420f-ad9c-056a4db027f9","5b056ebc-f34f-4ac5-a42b-9534d7eec9d1","5/19/2022 6:17:14 AM"
"8bc65544-b45b-420f-ad9c-056a4db027f9","a321449e-bb22-4319-a24d-0a5accd310f8","5/17/2021 12:21:14 PM"
"8bc65544-b45b-420f-ad9c-056a4db027f9","a2a1ac50-6650-40f8-9eca-dd46904154e1","5/16/2021 8:24:57 PM"
"8bc65544-b45b-420f-ad9c-056a4db027f9","5b103d54-ecff-4b5a-ab8d-de9e913a7f0e","5/16/2021 8:28:23 PM"
"8bc65544-b45b-420f-ad9c-056a4db027f9","7940c191-fa9e-4644-ab34-78a35c3e0c02","5/16/2021 8:38:19 PM"
"8bc65544-b45b-420f-ad9c-056a4db027f9","a3dd6a2c-51c1-49f3-8051-7ce5dd13b58f","5/16/2021 8:41:01 PM"
"8bc65544-b45b-420f-ad9c-056a4db027f9","3ec1dc60-f4b9-4bde-9145-e1872ebf7cc5","5/16/2021 8:29:02 PM"
"8bc65544-b45b-420f-ad9c-056a4db027f9","de4887b4-a26b-4e07-812d-e7e74f8aefd1","5/17/2021 1:30:08 PM"
"8bc65544-b45b-420f-ad9c-056a4db027f9","7c3ffa4b-47d6-4c13-a54c-cfabf937239f","10/8/2022 7:42:02 AM"
"8bc65544-b45b-420f-ad9c-056a4db027f9","24432b01-83ff-42b4-a46e-ec53bc925b3a","9/13/2023 12:06:42 PM"
"8bc65544-b45b-420f-ad9c-056a4db027f9","b4b8975a-21c4-434d-a0c7-8a28e5860092","5/17/2021 3:40:18 PM"
"8bc65544-b45b-420f-ad9c-056a4db027f9","c6d64e10-ab02-4f05-ba55-2a20d3367c46","5/17/2021 3:41:00 PM"
"8bc65544-b45b-420f-ad9c-056a4db027f9","6368d210-5900-4013-b3d9-4ae5f0b66d44","5/17/2021 3:42:31 PM"
"8bc65544-b45b-420f-ad9c-056a4db027f9","2e51184f-ed44-4cad-9de6-89e209f3aff0","5/17/2021 3:39:14 PM"
"8bc65544-b45b-420f-ad9c-056a4db027f9","fd82f487-5919-42d3-a74b-6cd612422e8e","5/17/2021 1:27:54 PM"
"8bc65544-b45b-420f-ad9c-056a4db027f9","51095d04-67a2-4c5f-ae4a-c721f1403f63","5/17/2021 12:23:58 PM"
"8bc65544-b45b-420f-ad9c-056a4db027f9","8320178c-b166-4a6b-9a2f-30e28a25fbe7","5/17/2021 3:41:00 PM"
"8bc65544-b45b-420f-ad9c-056a4db027f9","a0017bac-b788-411e-b7f1-29b0c9363091","5/17/2021 1:10:31 PM"
"8bc65544-b45b-420f-ad9c-056a4db027f9","0fb50858-5157-4dad-a1fd-fb0926e57c6a","5/16/2021 8:59:45 PM"
"8bc65544-b45b-420f-ad9c-056a4db027f9","ed6836f1-f679-4764-b1f2-e38f5053da28","5/17/2021 12:46:53 PM"
"8bc65544-b45b-420f-ad9c-056a4db027f9","b30378d6-9e5b-49a3-a05f-1f2215455144","5/17/2021 8:49:09 PM"
"8bc65544-b45b-420f-ad9c-056a4db027f9","aac81e5a-280e-444b-b3e0-f5cc3c4e6bca","5/17/2021 9:38:11 AM"
"8bc65544-b45b-420f-ad9c-056a4db027f9","341f1ab1-f129-4bd1-9ba2-9e1b9ccefdaa","5/16/2021 8:30:20 PM"
"8bc65544-b45b-420f-ad9c-056a4db027f9","94b2dbac-e291-4eae-96f9-00e11bf60940","5/16/2021 9:08:25 PM"
"8bc65544-b45b-420f-ad9c-056a4db027f9","4383bbef-bc1c-49e5-add4-61d69a9fe206","5/16/2021 9:27:41 PM"
"8bc65544-b45b-420f-ad9c-056a4db027f9","563dd9be-bae3-424d-9fc1-e5939d61620e","5/19/2022 9:40:54 AM"
"8bc65544-b45b-420f-ad9c-056a4db027f9","c33fde25-10ba-432b-90be-4552ca8d03fd","5/16/2021 9:18:53 PM"
"8bc65544-b45b-420f-ad9c-056a4db027f9","9ca9dfc7-a582-4437-b8b6-74061b7e9273","5/19/2022 4:06:04 AM"
"8bc65544-b45b-420f-ad9c-056a4db027f9","8caafb3a-4ad3-44d7-9a7d-a2f121fd6336","5/16/2021 9:27:16 PM"
"8bc65544-b45b-420f-ad9c-056a4db027f9","cd573d78-1f66-4463-b97c-1420c52177cf","5/16/2021 9:16:28 PM"
"8bc65544-b45b-420f-ad9c-056a4db027f9","94a37567-4138-436d-8728-12b5c58d78f9","5/19/2022 4:06:04 AM"
"8bc65544-b45b-420f-ad9c-056a4db027f9","f11b8b48-67a5-427b-9fc0-680d7dd7a7cb","5/16/2021 9:23:31 PM"
"8bc65544-b45b-420f-ad9c-056a4db027f9","1573bbbe-8c27-4bc2-bc42-4d2638d013a2","5/16/2021 9:27:41 PM"
"8bc65544-b45b-420f-ad9c-056a4db027f9","e8469141-48f1-422f-bdde-cb8744227d85","5/19/2022 4:06:04 AM"
"8bc65544-b45b-420f-ad9c-056a4db027f9","4cd4e1a1-b100-4fb3-b486-9ab0e2f75280","5/16/2021 9:26:23 PM"
"8bc65544-b45b-420f-ad9c-056a4db027f9","847bbade-d0d7-4aec-b69e-7edb9a83be0c","5/19/2022 4:04:45 AM"
"8bc65544-b45b-420f-ad9c-056a4db027f9","9c206ab9-9289-4451-badf-5370da7b000f","5/16/2021 9:19:52 PM"
"8bc65544-b45b-420f-ad9c-056a4db027f9","88eab49d-a37e-441d-b58c-53ae17cf4d4c","5/16/2021 9:05:45 PM"
"8bc65544-b45b-420f-ad9c-056a4db027f9","6410d2e6-ad10-494a-8c55-779817239d3a","5/17/2021 8:45:33 PM"
"8bc65544-b45b-420f-ad9c-056a4db027f9","ee09f224-28a5-4af6-bb2e-99d539d84471","5/16/2021 9:08:08 PM"
"8bc65544-b45b-420f-ad9c-056a4db027f9","1fa6a561-e2fe-46ae-9808-73e00712020a","5/16/2021 9:12:02 PM"
"8bc65544-b45b-420f-ad9c-056a4db027f9","c62d6e60-a1b4-4281-979d-287eb76c0851","5/16/2021 9:28:54 PM"
"8bc65544-b45b-420f-ad9c-056a4db027f9","18b9201f-bbb2-419f-83a5-2238bcdafdf6","5/16/2021 9:03:50 PM"
"8bc65544-b45b-420f-ad9c-056a4db027f9","be6b7d2f-d5fc-4a56-a287-1fd56c855268","5/16/2021 9:16:08 PM"
"8bc65544-b45b-420f-ad9c-056a4db027f9","5b4c1bab-c92f-467d-8537-ffe3942f4008","5/16/2021 9:14:12 PM"
"8bc65544-b45b-420f-ad9c-056a4db027f9","cb494c00-d2e7-4d0d-8a5e-baa453625dea","5/16/2021 8:58:23 PM"
"8bc65544-b45b-420f-ad9c-056a4db027f9","541e7b7a-1bf3-4c96-8876-9eb749ad62d1","5/16/2021 9:03:33 PM"
"8bc65544-b45b-420f-ad9c-056a4db027f9","dce048f4-df45-48f8-847f-e289ac993ea3","5/16/2021 9:18:38 PM"
"8bc65544-b45b-420f-ad9c-056a4db027f9","df5cceee-eecb-443f-81ff-9fd230b75acd","5/16/2021 9:23:16 PM"
"8bc65544-b45b-420f-ad9c-056a4db027f9","6d4d0701-d3d2-4d4b-9e75-372580268b8e","5/16/2021 9:03:11 PM"
"8bc65544-b45b-420f-ad9c-056a4db027f9","99c465df-393c-4f58-9a84-b97ef8858cf0","5/16/2021 9:05:10 PM"
"8bc65544-b45b-420f-ad9c-056a4db027f9","2fa8398e-ab31-42a9-9fe7-6abfa9e3b657","5/16/2021 9:04:36 PM"
"8bc65544-b45b-420f-ad9c-056a4db027f9","c30ba13c-360f-498a-9123-f1013e7bd70a","5/16/2021 9:29:09 PM"
"8bc65544-b45b-420f-ad9c-056a4db027f9","6269a8d7-6a44-40fb-ba49-3b8f77a1df48","5/16/2021 9:29:50 PM"
"8bc65544-b45b-420f-ad9c-056a4db027f9","a37622f2-8a57-497e-ad0d-d988e6b94978","5/16/2021 9:08:25 PM"
"8bc65544-b45b-420f-ad9c-056a4db027f9","fc8abdb3-830c-4edf-9d88-aa435cee405d","5/16/2021 9:02:17 PM"
"8bc65544-b45b-420f-ad9c-056a4db027f9","0ee727b1-fe66-4318-85d8-34187a442f88","5/16/2021 9:25:49 PM"
"8bc65544-b45b-420f-ad9c-056a4db027f9","0c50181a-170c-454c-9cf9-73332b37050d","5/16/2021 9:31:22 PM"
"8bc65544-b45b-420f-ad9c-056a4db027f9","291e2e44-2b0c-41ad-a5a0-e6d21fc0663c","5/16/2021 9:09:10 PM"
"8bc65544-b45b-420f-ad9c-056a4db027f9","5640b66e-e58f-4c5c-be13-fdc1a6997dbd","6/23/2021 10:41:20 AM"
"8bc65544-b45b-420f-ad9c-056a4db027f9","8906c75c-34c7-4874-a592-7da039a1960b","5/16/2021 9:11:29 PM"
"8bc65544-b45b-420f-ad9c-056a4db027f9","4263dc92-405e-423f-b63d-cc43e147ca3e","5/16/2021 9:16:08 PM"
"8bc65544-b45b-420f-ad9c-056a4db027f9","4255cf82-5f10-42c0-bc63-b3fbb6473302","5/16/2021 9:12:02 PM"
"8bc65544-b45b-420f-ad9c-056a4db027f9","b43f10b0-1e8c-4c88-a3f2-4843905b9d33","5/16/2021 9:22:59 PM"
"8bc65544-b45b-420f-ad9c-056a4db027f9","1547c1af-266b-460e-9acd-b8812ae0fcae","5/16/2021 9:18:01 PM"
"8bc65544-b45b-420f-ad9c-056a4db027f9","49d2000a-2a7a-4ceb-bc96-de67acb3958c","5/16/2021 9:22:42 PM"
"8bc65544-b45b-420f-ad9c-056a4db027f9","30c4fa7e-96a1-4936-9cec-f425844c54dd","5/16/2021 9:06:47 PM"
"8bc65544-b45b-420f-ad9c-056a4db027f9","76e87ee5-1728-47be-bc58-94e5bed6868d","5/16/2021 9:19:40 PM"
"8bc65544-b45b-420f-ad9c-056a4db027f9","b3ad6288-a70d-4be7-bee6-5c50fc394d84","5/16/2021 8:57:38 PM"
"8bc65544-b45b-420f-ad9c-056a4db027f9","f0738149-0508-4bf2-b39a-cca8fabb079e","5/16/2021 9:28:54 PM"
"8bc65544-b45b-420f-ad9c-056a4db027f9","abf2420f-b0b5-42ec-9fa8-9c4945e195e9","5/16/2021 9:07:45 PM"
"8bc65544-b45b-420f-ad9c-056a4db027f9","664a7e3c-1e3b-4fb7-8b3e-8b2bfe3975fd","5/16/2021 9:12:23 PM"
"8bc65544-b45b-420f-ad9c-056a4db027f9","88ca5bfd-9a17-4aad-9e23-7638d924f159","5/17/2021 9:23:24 PM"
"8bc65544-b45b-420f-ad9c-056a4db027f9","e17d2359-f202-4d4d-80dd-e22309f4021b","5/16/2021 9:30:29 PM"
"8bc65544-b45b-420f-ad9c-056a4db027f9","ab7d2c7a-136b-4cdd-9107-33127510fc3d","5/16/2021 8:59:18 PM"
"8bc65544-b45b-420f-ad9c-056a4db027f9","e5cd1d6a-cd3a-4ea1-b526-728686dd4afd","5/16/2021 9:11:03 PM"
"8bc65544-b45b-420f-ad9c-056a4db027f9","e0b65ba9-8297-4d3f-8c45-ea620ba7912c","5/16/2021 9:30:11 PM"
"8bc65544-b45b-420f-ad9c-056a4db027f9","2fcd795c-9da4-4f83-98c8-e69e2e139979","5/16/2021 9:15:38 PM"
"8bc65544-b45b-420f-ad9c-056a4db027f9","c77657c5-d1b7-4c6f-b897-2f683243e5de","5/16/2021 9:25:49 PM"
"8bc65544-b45b-420f-ad9c-056a4db027f9","817b63b9-033f-4a35-8d3d-e8904a3c54bc","11/26/2021 3:04:47 PM"
"8bc65544-b45b-420f-ad9c-056a4db027f9","fe650c1c-ff06-41c6-9e98-28edc2e3d2b6","5/18/2022 4:45:51 PM"
"8bc65544-b45b-420f-ad9c-056a4db027f9","d968d159-48ea-44ef-ae69-67b398ace69c","4/7/2023 12:53:36 PM"
"8bc65544-b45b-420f-ad9c-056a4db027f9","ea9d036d-0f3b-4b0b-8456-0e9e001e552f","5/18/2022 5:01:28 PM"
"8bc65544-b45b-420f-ad9c-056a4db027f9","25099100-d13f-43ec-8633-f2fa775c843c","7/19/2022 11:22:22 PM"
"8bc65544-b45b-420f-ad9c-056a4db027f9","049ea93d-a8e0-442b-bedc-91a8b2d408bc","5/18/2022 4:39:24 PM"
"8bc65544-b45b-420f-ad9c-056a4db027f9","a2f390fa-f5d2-40a2-9237-939293e98a61","8/7/2024 6:08:40 PM"
"8bc65544-b45b-420f-ad9c-056a4db027f9","71beef3f-e0c4-412c-b93f-ec6a5dd317ec","5/18/2022 5:03:00 PM"
"8bc65544-b45b-420f-ad9c-056a4db027f9","611d2c5f-21cd-448a-8068-649765ce3668","6/8/2024 8:50:50 AM"
"8bc65544-b45b-420f-ad9c-056a4db027f9","0b0a77f1-affa-4c26-9631-9c790137c99a","5/18/2022 5:12:57 PM"
"ff81724a-50bd-4280-b4b8-05f4fc1fb32d","34bc8d6d-60fc-4cbc-9b7c-6937203db956","7/18/2024 10:21:11 AM"
"ff81724a-50bd-4280-b4b8-05f4fc1fb32d","367ff09b-84c7-4df6-a685-bdf37663386c","11/15/2023 12:18:06 AM"
"ff81724a-50bd-4280-b4b8-05f4fc1fb32d","2656f000-3ab4-48f2-84a7-e70d21fe65ba","6/29/2023 8:36:23 AM"
"ff81724a-50bd-4280-b4b8-05f4fc1fb32d","44cdad97-c22e-48b6-b2a6-dda66704c24e","8/29/2023 4:10:44 PM"
"ff81724a-50bd-4280-b4b8-05f4fc1fb32d","ca18918f-b3d9-4779-b72e-f97f2416377b","1/19/2022 9:13:55 AM"
"ff81724a-50bd-4280-b4b8-05f4fc1fb32d","fcc46fd1-57fd-4d53-8a2a-7e0883720c07","5/17/2021 9:49:25 AM"
"ff81724a-50bd-4280-b4b8-05f4fc1fb32d","1c4783f1-37b9-4a8b-aa6e-2ee36d61d8ce","12/9/2021 9:53:14 AM"
"ff81724a-50bd-4280-b4b8-05f4fc1fb32d","0389d6fd-392c-4cab-b526-dbe1dc9855e6","12/9/2021 9:53:35 AM"
"ff81724a-50bd-4280-b4b8-05f4fc1fb32d","424b6148-cd11-40f8-8dae-571184497b8e","8/25/2021 7:05:43 AM"
"ff81724a-50bd-4280-b4b8-05f4fc1fb32d","f1fbfdc5-1dab-435f-bbda-95fedad0ad09","5/16/2021 8:36:56 PM"
"ff81724a-50bd-4280-b4b8-05f4fc1fb32d","9c580fe1-fd27-4b06-b43a-b7dfc9662bcd","5/16/2021 8:33:15 PM"
"ff81724a-50bd-4280-b4b8-05f4fc1fb32d","332d4787-6a2a-49c3-97b9-25090bb4cc33","5/16/2021 8:28:41 PM"
"ff81724a-50bd-4280-b4b8-05f4fc1fb32d","695a3eac-6713-4d77-969d-23f9f9b4aafc","5/16/2021 8:44:57 PM"
"ff81724a-50bd-4280-b4b8-05f4fc1fb32d","ac3da4b7-97c0-4701-a845-ac95e694c6ea","5/16/2021 8:34:14 PM"
"ff81724a-50bd-4280-b4b8-05f4fc1fb32d","a5533608-f031-4f51-9f06-5fe9a53ee874","5/16/2021 8:37:54 PM"
"1f164d8c-30c3-4d7e-b4cb-06143d6da45b","9de3e733-926f-42fa-9c58-d143fadc7def","6/19/2024 10:43:25 PM"
"1f164d8c-30c3-4d7e-b4cb-06143d6da45b","4139c87d-0c6d-4b21-8efc-415fc15dbc60","5/18/2024 7:35:30 AM"
"1f164d8c-30c3-4d7e-b4cb-06143d6da45b","1a5de157-00cd-40c9-8dba-34bae27b6016","4/3/2024 9:09:30 PM"
"1f164d8c-30c3-4d7e-b4cb-06143d6da45b","c87763ef-c7a9-4c98-97f8-d814d7a65aa5","11/24/2023 2:42:06 AM"
"1f164d8c-30c3-4d7e-b4cb-06143d6da45b","44c1ae6f-f38a-46d1-89f9-2742f2cd3048","10/30/2023 4:07:23 AM"
"1f164d8c-30c3-4d7e-b4cb-06143d6da45b","27c815d8-9b9f-4ed0-8fa8-404d51d61286","10/25/2023 9:52:47 PM"
"1f164d8c-30c3-4d7e-b4cb-06143d6da45b","0a6e3a75-c72b-4298-ac43-0ef3da8d1730","10/25/2023 9:52:47 PM"
"1f164d8c-30c3-4d7e-b4cb-06143d6da45b","7299e0a3-51a7-4cfb-9eb8-5f278bd31743","8/11/2023 10:46:06 AM"
"1f164d8c-30c3-4d7e-b4cb-06143d6da45b","a82b3e73-8f25-4286-a6fd-f44c263fc39d","4/25/2023 1:53:48 PM"
"1f164d8c-30c3-4d7e-b4cb-06143d6da45b","876e894d-151c-43c6-b578-4005eedad4ab","12/4/2021 3:42:33 PM"
"1f164d8c-30c3-4d7e-b4cb-06143d6da45b","e941b3b8-7c0b-4a73-8bd7-bbc66b3379bc","12/4/2021 3:47:44 PM"
"1f164d8c-30c3-4d7e-b4cb-06143d6da45b","f71e2533-ac08-4cb4-9a8c-9773db40b3ac","12/4/2021 4:10:43 PM"
"1f164d8c-30c3-4d7e-b4cb-06143d6da45b","35b94792-5539-444c-a387-7d2826350888","12/4/2021 4:18:57 PM"
"1f164d8c-30c3-4d7e-b4cb-06143d6da45b","cdfcb6ab-258e-4b9a-9da8-2727d750220b","11/29/2021 7:03:17 AM"
"1f164d8c-30c3-4d7e-b4cb-06143d6da45b","8c799084-8a09-4b90-b53e-5aa981260107","7/11/2021 7:44:03 AM"
"1f164d8c-30c3-4d7e-b4cb-06143d6da45b","7dc14cd0-64c7-45e0-a424-cf3a772d5059","11/23/2021 2:38:37 PM"
"1f164d8c-30c3-4d7e-b4cb-06143d6da45b","b09d204e-f1d0-4be5-be3d-aa8f86c43aab","1/27/2022 1:57:29 PM"
"1f164d8c-30c3-4d7e-b4cb-06143d6da45b","8da35200-1d1e-4b95-8661-fa3b2ec7c340","5/17/2021 9:14:22 PM"
"1f164d8c-30c3-4d7e-b4cb-06143d6da45b","7c67ab4b-508a-4a6b-815f-f96768956753","7/10/2021 5:26:02 PM"
"1f164d8c-30c3-4d7e-b4cb-06143d6da45b","fd7e37cd-7837-43a0-9a64-792fb5c7313a","12/4/2021 4:10:43 PM"
"1f164d8c-30c3-4d7e-b4cb-06143d6da45b","ac08ee4e-e3d1-4eff-9678-b0f7990b89f9","12/10/2021 9:52:43 AM"
"1f164d8c-30c3-4d7e-b4cb-06143d6da45b","e1a65e8c-8841-4b35-b52b-bf3fbcca2ffa","5/17/2021 9:39:06 PM"
"1f164d8c-30c3-4d7e-b4cb-06143d6da45b","b248b721-10b9-4f08-b4db-44c91ae43846","5/17/2021 10:02:47 PM"
"2b358af9-59ab-422c-90e9-074dfbaf37cf","889b5eb8-f60c-41d1-847d-fe19340292d6","7/27/2024 3:40:40 AM"
"2b358af9-59ab-422c-90e9-074dfbaf37cf","d5220c58-dbb0-4311-8dbf-1a5e65d84a51","7/25/2024 3:47:33 PM"
"2b358af9-59ab-422c-90e9-074dfbaf37cf","76f2f574-c748-4dd6-86dd-a9201d144626","7/26/2024 9:20:22 PM"
"2b358af9-59ab-422c-90e9-074dfbaf37cf","234b8895-2133-4201-9955-31646f5796c8","3/10/2024 12:14:40 PM"
"2b358af9-59ab-422c-90e9-074dfbaf37cf","5612edde-a3ca-4e68-b7c3-3e0b1fb65329","10/20/2023 1:13:51 AM"
"2b358af9-59ab-422c-90e9-074dfbaf37cf","22dfa094-eac9-4998-ad8b-53d167f72a57","11/11/2023 1:29:25 PM"
"2b358af9-59ab-422c-90e9-074dfbaf37cf","5449f264-5cef-4266-90e5-37b679929c85","9/8/2023 4:01:31 PM"
"2b358af9-59ab-422c-90e9-074dfbaf37cf","cc26e7da-79c7-4812-9583-169367d67602","3/24/2023 8:59:44 AM"
"2b358af9-59ab-422c-90e9-074dfbaf37cf","fbe04513-31cb-4120-b469-95028845e233","4/22/2023 8:54:50 AM"
"2b358af9-59ab-422c-90e9-074dfbaf37cf","472ac611-225f-47d9-bdad-1140af74ab82","3/16/2023 7:06:33 AM"
"2b358af9-59ab-422c-90e9-074dfbaf37cf","44714512-29ba-4a49-bd33-d261a1ab0198","9/8/2023 4:01:31 PM"
"2b358af9-59ab-422c-90e9-074dfbaf37cf","5463d88a-9a6a-4f6d-b7f4-2c7b6ab89126","12/17/2022 2:52:59 PM"
"2b358af9-59ab-422c-90e9-074dfbaf37cf","957ad9fd-99e3-418f-bbc1-3c7626d58010","11/10/2022 8:28:24 AM"
"2b358af9-59ab-422c-90e9-074dfbaf37cf","30dfc0e2-60e7-4213-a393-b6e22b1c0276","9/12/2023 10:51:30 AM"
"2b358af9-59ab-422c-90e9-074dfbaf37cf","0656ac59-e420-4043-9d85-deb830eae13d","10/21/2022 8:00:56 AM"
"2b358af9-59ab-422c-90e9-074dfbaf37cf","862cbe8e-6481-40bc-b4b2-d0a9ff206c11","7/8/2022 7:29:49 AM"
"2b358af9-59ab-422c-90e9-074dfbaf37cf","ff42d816-6442-4537-9651-5272649bcb2a","9/12/2023 12:22:40 PM"
"2b358af9-59ab-422c-90e9-074dfbaf37cf","b219220a-9e4b-474f-983e-c56271c47a89","1/10/2022 7:50:09 PM"
"2b358af9-59ab-422c-90e9-074dfbaf37cf","06f90580-02a8-4e2b-86e4-68b3f4a39871","9/12/2023 12:39:07 PM"
"2b358af9-59ab-422c-90e9-074dfbaf37cf","012c7f87-3305-4691-bbdc-65d82fd02822","9/12/2023 12:39:07 PM"
"2b358af9-59ab-422c-90e9-074dfbaf37cf","be4fa669-5fdb-4781-84cf-e34503bf139f","11/29/2022 7:52:53 PM"
"2b358af9-59ab-422c-90e9-074dfbaf37cf","3e6e025c-1d61-42ca-9cf1-3364c7eda4b4","8/25/2021 2:49:39 PM"
"2b358af9-59ab-422c-90e9-074dfbaf37cf","90a261f2-4f81-4a5c-8650-495fe057a80b","9/13/2023 10:17:37 PM"
"2b358af9-59ab-422c-90e9-074dfbaf37cf","021cffbf-749a-41db-b9f8-b6cbc8cfd4ef","9/13/2023 10:17:37 PM"
"2b358af9-59ab-422c-90e9-074dfbaf37cf","902285c4-4647-4cf5-9b63-3453f3a1d607","5/17/2021 11:39:40 AM"
"2b358af9-59ab-422c-90e9-074dfbaf37cf","11944c68-73cb-47a1-ae70-989e6deafc18","5/17/2021 11:38:51 AM"
"2b358af9-59ab-422c-90e9-074dfbaf37cf","accad713-4c72-4fbb-bdd4-8bfeaf690a5e","9/13/2023 10:17:37 PM"
"2b358af9-59ab-422c-90e9-074dfbaf37cf","83ad8c27-e9e1-4c10-8d29-35106b76d70b","2/18/2023 11:53:22 AM"
"2b358af9-59ab-422c-90e9-074dfbaf37cf","a3e20ce0-5cbb-483a-8a19-9d1f96c9a326","7/25/2023 4:58:19 PM"
"2b358af9-59ab-422c-90e9-074dfbaf37cf","eea7a606-46a8-43a7-b626-edde9af9df27","9/12/2023 9:05:15 AM"
"2b358af9-59ab-422c-90e9-074dfbaf37cf","2b76f8ec-8fe5-4006-910e-af9dab4eb6ef","4/22/2023 8:50:04 AM"
"2b358af9-59ab-422c-90e9-074dfbaf37cf","7279418c-342f-4a6a-a0db-53377b3f8a0c","3/15/2023 11:15:01 AM"
"2b358af9-59ab-422c-90e9-074dfbaf37cf","5320c16a-d413-4fdb-877f-38c96fd1fb95","4/22/2023 7:06:38 AM"
"2b358af9-59ab-422c-90e9-074dfbaf37cf","355a448b-c6ec-4c48-9100-771a0627fd1d","3/15/2023 10:55:10 AM"
"2b358af9-59ab-422c-90e9-074dfbaf37cf","753d99f5-aafd-4ff4-b150-24160f82626c","1/16/2022 8:54:00 AM"
"2b358af9-59ab-422c-90e9-074dfbaf37cf","26cf8496-bda2-4445-aa22-d5ecb3ed82fb","4/22/2023 6:41:04 AM"
"2b358af9-59ab-422c-90e9-074dfbaf37cf","0e044a71-181f-47c0-b815-b591eb0082bc","9/12/2023 9:05:15 AM"
"2b358af9-59ab-422c-90e9-074dfbaf37cf","d5db7fd3-4e14-4ccb-9687-d817b3a9dab5","4/22/2023 6:45:14 AM"
"2b358af9-59ab-422c-90e9-074dfbaf37cf","d029a2ea-a2c3-4e32-8ef7-73ce7cf61acc","9/12/2023 9:17:38 AM"
"2b358af9-59ab-422c-90e9-074dfbaf37cf","d5acaabb-a71a-4d3f-a272-f2c292958464","9/12/2023 9:17:38 AM"
"2b358af9-59ab-422c-90e9-074dfbaf37cf","336c4370-7b2b-4528-ab76-adfd32a4a310","9/12/2023 10:40:15 AM"
"2b358af9-59ab-422c-90e9-074dfbaf37cf","da6c477e-642c-4448-b44f-c835a7c2f5d8","9/12/2023 10:40:15 AM"
"2b358af9-59ab-422c-90e9-074dfbaf37cf","356c9b69-214e-494c-87b0-2c38b9e58e18","9/12/2023 10:40:15 AM"
"2b358af9-59ab-422c-90e9-074dfbaf37cf","a2656202-abec-49e2-a6e8-bec1f90a46f9","3/31/2022 6:53:46 AM"
"2b358af9-59ab-422c-90e9-074dfbaf37cf","e3904926-bc80-429b-859f-a6002dd29755","9/12/2023 10:51:30 AM"
"2b358af9-59ab-422c-90e9-074dfbaf37cf","d155a19f-f653-49a8-bfc7-3b9da0e37801","8/29/2023 5:43:16 PM"
"2b358af9-59ab-422c-90e9-074dfbaf37cf","9c6aad8b-790b-42dc-9d5f-1d12c033ac06","9/12/2023 11:00:23 AM"
"2b358af9-59ab-422c-90e9-074dfbaf37cf","22d7dcc9-5223-4086-8d66-37acda94076a","9/12/2023 11:00:23 AM"
"2b358af9-59ab-422c-90e9-074dfbaf37cf","120acd86-622b-4f0e-a3f3-fc69f8ff9225","9/12/2023 11:00:23 AM"
"2b358af9-59ab-422c-90e9-074dfbaf37cf","0cec0e68-3a0e-4d62-a918-6a89459f10f6","9/12/2023 11:00:23 AM"
"2b358af9-59ab-422c-90e9-074dfbaf37cf","85808998-cac2-40d9-abc1-f25311700b48","9/12/2023 11:00:23 AM"
"2b358af9-59ab-422c-90e9-074dfbaf37cf","46f2e2a9-c6fc-4d28-b13b-7e97bfbb2d88","9/12/2023 11:11:24 AM"
"2b358af9-59ab-422c-90e9-074dfbaf37cf","6b0d7113-e51a-4195-84e2-2d28da6f72ce","9/12/2023 11:11:24 AM"
"2b358af9-59ab-422c-90e9-074dfbaf37cf","ef4fc453-d746-44fe-9843-9096ffec9f2f","8/29/2023 5:43:16 PM"
"2b358af9-59ab-422c-90e9-074dfbaf37cf","f83e6d0a-d38b-4a76-96ef-af585c7b3df4","9/12/2023 11:11:24 AM"
"2b358af9-59ab-422c-90e9-074dfbaf37cf","ccde61b2-c681-43f6-a56a-b602ed6287e2","9/12/2023 11:11:24 AM"
"2b358af9-59ab-422c-90e9-074dfbaf37cf","543d9ab0-2cb3-46af-b841-cacbbfce68f9","9/12/2023 11:11:24 AM"
"2b358af9-59ab-422c-90e9-074dfbaf37cf","d17755fd-5598-48d2-8ead-10ae4595e7a8","9/12/2023 11:11:24 AM"
"2b358af9-59ab-422c-90e9-074dfbaf37cf","1251393b-e353-4522-bc79-22f68c907b6f","9/12/2023 11:20:47 AM"
"2b358af9-59ab-422c-90e9-074dfbaf37cf","404ff084-ff79-456c-8924-1fcf0a73c1aa","9/12/2023 11:20:47 AM"
"2b358af9-59ab-422c-90e9-074dfbaf37cf","ab83e964-06b7-484c-a3a2-18124aff8db1","9/12/2023 11:20:47 AM"
"2b358af9-59ab-422c-90e9-074dfbaf37cf","cb824eca-0498-468f-800d-0552f7bf44e4","9/12/2023 11:20:47 AM"
"2b358af9-59ab-422c-90e9-074dfbaf37cf","1e3e5f9f-da0d-4c6c-904b-ff0f298bacb1","9/12/2023 11:20:47 AM"
"2b358af9-59ab-422c-90e9-074dfbaf37cf","e784ba49-28f0-4d75-b3bc-4af39ea2d8c9","9/12/2023 11:20:47 AM"
"2b358af9-59ab-422c-90e9-074dfbaf37cf","131c275e-9219-499c-8152-5d11d8c69fb2","9/12/2023 11:20:47 AM"
"2b358af9-59ab-422c-90e9-074dfbaf37cf","e8ccf108-e51a-4db0-aae6-237de055b8f2","12/9/2021 1:50:52 PM"
"2b358af9-59ab-422c-90e9-074dfbaf37cf","c142cb0a-488d-48ae-9b64-878d1dbc23e2","9/12/2023 11:30:11 AM"
"2b358af9-59ab-422c-90e9-074dfbaf37cf","ea977fba-6e81-418d-91ca-01ecf23313dd","9/12/2023 11:30:11 AM"
"2b358af9-59ab-422c-90e9-074dfbaf37cf","3217cbee-4235-454e-827f-02317190ef15","9/12/2023 11:30:11 AM"
"2b358af9-59ab-422c-90e9-074dfbaf37cf","dbadbaca-c611-4dda-ba12-91976bc44c71","8/29/2023 5:43:16 PM"
"2b358af9-59ab-422c-90e9-074dfbaf37cf","18509cb0-dc33-4078-8991-c6fc3e066a7c","9/12/2023 11:30:11 AM"
"2b358af9-59ab-422c-90e9-074dfbaf37cf","538ba675-d0c6-4e10-9274-9586a2e046f1","9/12/2023 11:30:11 AM"
"2b358af9-59ab-422c-90e9-074dfbaf37cf","6ae0a61d-3a3d-45dc-acb3-4e3b57c100b2","9/12/2023 11:30:11 AM"
"2b358af9-59ab-422c-90e9-074dfbaf37cf","2dc7eec6-7b1a-41db-ab3d-c03f3066dd52","9/12/2023 11:30:11 AM"
"2b358af9-59ab-422c-90e9-074dfbaf37cf","e1c65d98-5657-44cc-84a7-ec62b4b13061","5/17/2021 4:56:52 PM"
"2b358af9-59ab-422c-90e9-074dfbaf37cf","8f8e6b72-2ff9-40b1-8fb6-9c59e0694e2a","9/12/2023 11:30:11 AM"
"2b358af9-59ab-422c-90e9-074dfbaf37cf","12b570a4-b443-4bb7-a465-aaeb71b2b00b","8/29/2023 5:43:16 PM"
"2b358af9-59ab-422c-90e9-074dfbaf37cf","36f1254c-0ec8-4352-8e9e-88fcc8493e30","9/12/2023 11:45:25 AM"
"2b358af9-59ab-422c-90e9-074dfbaf37cf","373f13b0-e57d-4793-a6d0-1088f7a8df24","9/12/2023 11:30:11 AM"
"2b358af9-59ab-422c-90e9-074dfbaf37cf","54dd1ff9-3b50-46dc-b2fd-0522e2f7903c","8/29/2023 5:43:16 PM"
"2b358af9-59ab-422c-90e9-074dfbaf37cf","eb2c4e88-eec7-482e-ba6e-974e9889afb8","9/12/2023 11:30:11 AM"
"2b358af9-59ab-422c-90e9-074dfbaf37cf","373faf6e-5b1d-424d-a44e-1da8bbacfb85","8/29/2023 5:43:16 PM"
"2b358af9-59ab-422c-90e9-074dfbaf37cf","1e27de3e-e3ab-46e0-9797-13a65ce1348a","9/12/2023 11:45:25 AM"
"2b358af9-59ab-422c-90e9-074dfbaf37cf","e31d7f08-983d-4b87-b41c-39007717730e","5/3/2022 7:02:40 PM"
"2b358af9-59ab-422c-90e9-074dfbaf37cf","ae0bbd49-f3d1-4a48-8479-5c8768444260","2/19/2022 1:24:29 PM"
"2b358af9-59ab-422c-90e9-074dfbaf37cf","d146ca7e-4dab-4db3-bdc3-f0f150fb2053","9/12/2023 11:45:25 AM"
"2b358af9-59ab-422c-90e9-074dfbaf37cf","4be7de16-6467-4dda-a073-d3e763a6c481","9/12/2023 11:56:22 AM"
"2b358af9-59ab-422c-90e9-074dfbaf37cf","69027926-5b3b-4561-8545-f67e5160b7d9","5/16/2021 8:40:32 PM"
"2b358af9-59ab-422c-90e9-074dfbaf37cf","519942e1-2ccd-4b2f-aa57-fffc92da52a7","9/12/2023 11:56:22 AM"
"2b358af9-59ab-422c-90e9-074dfbaf37cf","f56c155e-1cf2-4ff1-8209-ca1b1c2c4039","9/12/2023 11:56:22 AM"
"2b358af9-59ab-422c-90e9-074dfbaf37cf","8d8f7337-f11c-46e5-b568-3c32cc0a3fb8","9/12/2023 11:56:22 AM"
"2b358af9-59ab-422c-90e9-074dfbaf37cf","c84438e6-d1f2-4646-9880-f1bdbe4f3d38","5/16/2021 8:26:08 PM"
"2b358af9-59ab-422c-90e9-074dfbaf37cf","c6393980-d8a1-4e7c-b811-db8ace72718a","9/12/2023 12:06:54 PM"
"2b358af9-59ab-422c-90e9-074dfbaf37cf","b36265d3-e9ec-4edc-b809-24051249c095","9/12/2023 11:56:22 AM"
"2b358af9-59ab-422c-90e9-074dfbaf37cf","fa98a43d-e349-4a69-877e-f52284dd736d","9/12/2023 12:06:54 PM"
"2b358af9-59ab-422c-90e9-074dfbaf37cf","700dfc41-4d8f-4895-8168-5b14456f41ab","9/12/2023 12:06:54 PM"
"2b358af9-59ab-422c-90e9-074dfbaf37cf","fc7cbfbc-8339-4d70-998f-c619f1cb5939","9/12/2023 12:06:54 PM"
"2b358af9-59ab-422c-90e9-074dfbaf37cf","3875cae8-159e-422f-9136-7f1865a1108a","9/12/2023 12:06:54 PM"
"2b358af9-59ab-422c-90e9-074dfbaf37cf","fa6f519a-6b91-4882-9e15-e9265baaaa51","12/9/2021 9:57:02 AM"
"2b358af9-59ab-422c-90e9-074dfbaf37cf","7dbdeb76-5e03-4ef6-8a57-af8f4498c9a4","9/12/2023 12:06:54 PM"
"2b358af9-59ab-422c-90e9-074dfbaf37cf","dd22765f-0eac-43c7-8836-334aa6f5fa50","9/12/2023 12:14:44 PM"
"2b358af9-59ab-422c-90e9-074dfbaf37cf","a8ab3513-4031-4089-890e-36a8b8c908a7","9/12/2023 12:06:54 PM"
"2b358af9-59ab-422c-90e9-074dfbaf37cf","c9c58124-010c-4bfb-8273-5b04b018529f","9/12/2023 12:14:44 PM"
"2b358af9-59ab-422c-90e9-074dfbaf37cf","29f26b40-9b24-4718-90ac-bf32037ddcee","9/12/2023 12:14:44 PM"
"2b358af9-59ab-422c-90e9-074dfbaf37cf","a039c525-5586-4c48-b5c0-9d1c2da7b627","9/12/2023 12:22:40 PM"
"2b358af9-59ab-422c-90e9-074dfbaf37cf","7bcd60d7-8fb8-46ce-802d-74dd0c7dd677","9/12/2023 12:22:40 PM"
"2b358af9-59ab-422c-90e9-074dfbaf37cf","1bea212b-0dee-41f6-bb8f-797595b86da7","9/12/2023 12:14:44 PM"
"2b358af9-59ab-422c-90e9-074dfbaf37cf","bbfa30f1-767c-4281-ad6a-2c6e5f571152","9/12/2023 12:14:44 PM"
"2b358af9-59ab-422c-90e9-074dfbaf37cf","0630c463-5147-41fc-916a-bf8576ad38e7","8/7/2024 5:50:56 PM"
"2b358af9-59ab-422c-90e9-074dfbaf37cf","0f907bf3-80f6-41ac-892b-1c2510d2cadd","1/18/2022 12:56:23 PM"
"2b358af9-59ab-422c-90e9-074dfbaf37cf","459a2d8a-7f66-4594-b9c9-bd61c47f1e2f","5/3/2022 6:45:56 PM"
"9cc6b5de-6e91-4aa4-8e54-09647b575ecd","2fc80775-bbaa-43c1-b466-5a6f7e8e4a36","10/25/2023 3:19:56 PM"
"9cc6b5de-6e91-4aa4-8e54-09647b575ecd","cb5ffa97-d4f6-4427-a3ff-f1c777153842","11/12/2023 7:47:47 PM"
"9cc6b5de-6e91-4aa4-8e54-09647b575ecd","3120e7c9-94e6-4e9c-aa60-73c363f15624","2/17/2023 7:54:51 AM"
"9cc6b5de-6e91-4aa4-8e54-09647b575ecd","d915ac28-ee7c-44a1-a044-4ec3f474fbd3","4/6/2022 7:49:28 PM"
"9cc6b5de-6e91-4aa4-8e54-09647b575ecd","f0952d34-07e4-4183-bdf7-177b24cb5187","4/23/2022 11:11:18 AM"
"9cc6b5de-6e91-4aa4-8e54-09647b575ecd","66e9ec1a-771b-422c-b333-2b914b3e39d1","5/17/2021 7:37:37 PM"
"9cc6b5de-6e91-4aa4-8e54-09647b575ecd","120e4fba-8ad7-413e-a2c5-c8366c2f23c3","5/17/2021 7:37:37 PM"
"9cc6b5de-6e91-4aa4-8e54-09647b575ecd","92d68f75-04d4-4056-ac6d-7b97ca7922c6","5/17/2021 7:43:23 PM"
"9cc6b5de-6e91-4aa4-8e54-09647b575ecd","89019db2-2881-4fe7-9368-f246fda33fb5","7/3/2022 1:07:26 PM"
"9cc6b5de-6e91-4aa4-8e54-09647b575ecd","f3536994-2e8b-47af-96f6-501fe295b1cf","7/3/2022 1:01:00 PM"
"9cc6b5de-6e91-4aa4-8e54-09647b575ecd","b3197d47-6867-4f54-9c61-42691993a504","7/3/2022 12:58:38 PM"
"43f5e606-a930-4143-b44a-0974509f6677","101d357d-c329-44ba-b85b-8d0d6927e908","5/30/2024 11:14:38 AM"
"43f5e606-a930-4143-b44a-0974509f6677","5a8f02a6-8bac-4ea5-9f5e-7bb7cdddb471","5/15/2024 3:01:03 AM"
"43f5e606-a930-4143-b44a-0974509f6677","fb9ac5d3-d1bd-4c29-8ebc-f6bef7d486e3","8/9/2022 10:11:05 PM"
"43f5e606-a930-4143-b44a-0974509f6677","e8f47e95-09ae-4a33-a772-a1fb8a8468d5","1/19/2022 12:03:19 PM"
"43f5e606-a930-4143-b44a-0974509f6677","41d9abd8-5c81-4acf-a925-c98a78f433b4","1/26/2022 11:03:31 AM"
"43f5e606-a930-4143-b44a-0974509f6677","34affa36-5389-45c5-b949-c07776e10015","7/2/2021 12:02:13 PM"
"43f5e606-a930-4143-b44a-0974509f6677","68840fd1-d14e-49c4-9216-4d92f0f5ec51","6/16/2021 12:22:45 PM"
"43f5e606-a930-4143-b44a-0974509f6677","4fd530c3-45f5-4496-ad2a-abc11ab173f7","5/17/2021 4:29:21 PM"
"43f5e606-a930-4143-b44a-0974509f6677","e5046611-8095-49a2-a729-cb49662c9e2d","5/17/2021 4:29:21 PM"
"43f5e606-a930-4143-b44a-0974509f6677","f6845724-ebcc-43a1-a2aa-a638773e52ce","1/18/2022 2:54:17 PM"
"43f5e606-a930-4143-b44a-0974509f6677","d266573a-9907-47a3-a4eb-ce88b1b50a55","1/18/2022 2:54:17 PM"
"43f5e606-a930-4143-b44a-0974509f6677","a903aeba-e549-4065-8a33-335164fff71a","1/7/2024 6:16:16 PM"
"43f5e606-a930-4143-b44a-0974509f6677","f17f38b3-92b8-488a-8fe1-d3f8fd02f20a","5/17/2021 4:39:20 PM"
"43f5e606-a930-4143-b44a-0974509f6677","e833d761-6ef2-4aea-8cd8-e1267ab64b12","5/17/2021 4:29:21 PM"
"43f5e606-a930-4143-b44a-0974509f6677","31e1bb7a-d13a-4a2f-8d19-aabe51577e7c","5/17/2021 4:34:45 PM"
"43f5e606-a930-4143-b44a-0974509f6677","6ca9a169-44f8-42d6-b475-6b8f8f285756","5/17/2021 4:37:26 PM"
"43f5e606-a930-4143-b44a-0974509f6677","4ad6cb1f-6b52-4be0-a938-be22746a38f0","5/16/2021 8:34:45 PM"
"43f5e606-a930-4143-b44a-0974509f6677","0fa8cfdf-850c-4d80-aac9-488de03369a9","5/17/2021 4:57:07 PM"
"43f5e606-a930-4143-b44a-0974509f6677","4d332d36-dab1-4210-814c-442eb8b4d3e0","6/23/2021 11:01:25 AM"
"43f5e606-a930-4143-b44a-0974509f6677","a8c8c537-00f2-4d32-b6e0-a3c625e746ea","5/17/2021 4:35:39 PM"
"43f5e606-a930-4143-b44a-0974509f6677","6568cd23-33ae-4e02-b5fa-749fbe1931a9","5/17/2021 4:29:50 PM"
"43f5e606-a930-4143-b44a-0974509f6677","5c078d7d-fddd-4242-b69b-d01bee0855a9","5/17/2021 4:30:17 PM"
"43f5e606-a930-4143-b44a-0974509f6677","149a347e-4f76-4f37-8a60-6ba9f9cba195","1/7/2024 6:06:28 PM"
"43f5e606-a930-4143-b44a-0974509f6677","6eb2efff-ebec-422f-a884-b9b61ec51c9a","5/17/2021 4:56:52 PM"
"43f5e606-a930-4143-b44a-0974509f6677","627496f3-ca15-4ccf-b968-0bc9843f85b2","5/17/2021 3:42:31 PM"
"43f5e606-a930-4143-b44a-0974509f6677","87f57e85-cf23-4576-bc6d-9cad86f4fb06","5/17/2021 4:36:34 PM"
"43f5e606-a930-4143-b44a-0974509f6677","70fae78e-7f3e-4981-8071-5f49ed18af33","1/7/2024 6:04:51 PM"
"43f5e606-a930-4143-b44a-0974509f6677","c42b9d25-18b4-45f2-ab1e-540fdbae377c","6/23/2021 11:01:25 AM"
"43f5e606-a930-4143-b44a-0974509f6677","bd775146-1349-4c1e-9eab-a13d1bfe4cd1","5/16/2021 8:26:29 PM"
"43f5e606-a930-4143-b44a-0974509f6677","2186169d-ee5d-487d-961e-65c97840e997","5/16/2021 8:30:50 PM"
"43f5e606-a930-4143-b44a-0974509f6677","0b599dcd-7eb0-4395-b15c-e5928257721f","1/26/2022 11:03:31 AM"
"f30eac33-2a0b-452c-8cd9-0ab8b55f9cfd","48bb7154-ae83-40be-9699-972d03204086","7/18/2024 8:57:01 AM"
"f30eac33-2a0b-452c-8cd9-0ab8b55f9cfd","41e94bef-13fd-4505-994a-c84b9c55b082","3/20/2023 10:53:30 PM"
"f30eac33-2a0b-452c-8cd9-0ab8b55f9cfd","4c6da1cc-078d-4258-a150-49db9f9af1d9","2/10/2023 7:03:58 AM"
"f30eac33-2a0b-452c-8cd9-0ab8b55f9cfd","3d52f4ba-4406-446a-af77-b020118ffcf1","9/29/2022 12:57:12 PM"
"f30eac33-2a0b-452c-8cd9-0ab8b55f9cfd","99806a8d-8119-45cf-a620-e8e771a97e4e","7/1/2022 6:55:56 PM"
"f30eac33-2a0b-452c-8cd9-0ab8b55f9cfd","010d81c4-df5b-49c9-bc33-42f7c304c7db","4/14/2022 9:58:54 AM"
"f30eac33-2a0b-452c-8cd9-0ab8b55f9cfd","b68c9698-2082-4a98-8b1e-79b53d0c2969","10/8/2022 6:58:32 AM"
"f30eac33-2a0b-452c-8cd9-0ab8b55f9cfd","a47b39be-770d-4dbb-88f7-7e393f8deed7","8/30/2023 2:01:30 PM"
"f30eac33-2a0b-452c-8cd9-0ab8b55f9cfd","068632bf-ef5c-432e-8bca-d6eb97b4d489","1/21/2022 6:50:12 AM"
"f30eac33-2a0b-452c-8cd9-0ab8b55f9cfd","545ccaed-adf3-4824-bd5a-19ad033ba733","3/31/2022 10:56:06 AM"
"f30eac33-2a0b-452c-8cd9-0ab8b55f9cfd","bf94e34c-d528-4da3-860d-8769750d7217","11/7/2022 9:01:52 PM"
"f30eac33-2a0b-452c-8cd9-0ab8b55f9cfd","d611887b-195c-4c99-be53-2180371e97f3","8/30/2023 2:01:30 PM"
"f30eac33-2a0b-452c-8cd9-0ab8b55f9cfd","78bbe2d5-ae4c-49cd-bd28-a32b03d8abbb","10/8/2022 6:58:32 AM"
"f30eac33-2a0b-452c-8cd9-0ab8b55f9cfd","9a1cbc05-8810-4a48-9af8-ae0b965882d7","10/8/2022 7:07:09 AM"
"f30eac33-2a0b-452c-8cd9-0ab8b55f9cfd","2f690cb2-6da0-4a0c-a56a-3808ca512a84","9/13/2023 9:25:50 AM"
"f30eac33-2a0b-452c-8cd9-0ab8b55f9cfd","f4849828-d900-46f2-8dd9-feed79536d1d","9/13/2023 10:52:48 AM"
"f30eac33-2a0b-452c-8cd9-0ab8b55f9cfd","2b477a9e-d814-48da-8b75-656a8d9f540f","10/8/2022 7:29:19 AM"
"f30eac33-2a0b-452c-8cd9-0ab8b55f9cfd","720640f7-4d9b-4891-bb76-a4ec5282130a","9/13/2023 9:25:50 AM"
"f30eac33-2a0b-452c-8cd9-0ab8b55f9cfd","06a3d364-6043-4bb9-bd55-18e885322745","10/8/2022 7:07:09 AM"
"f30eac33-2a0b-452c-8cd9-0ab8b55f9cfd","c85495cf-3c80-4971-9752-6433eee330f2","10/8/2022 7:07:09 AM"
"f30eac33-2a0b-452c-8cd9-0ab8b55f9cfd","02ccf1ea-6aff-4020-937c-ed9149acdd66","9/13/2023 9:25:50 AM"
"f30eac33-2a0b-452c-8cd9-0ab8b55f9cfd","45b72f40-cb18-4479-81fe-02851b6b2823","9/12/2023 7:20:31 PM"
"f30eac33-2a0b-452c-8cd9-0ab8b55f9cfd","74629022-7609-48ce-995f-3529d7246836","10/8/2022 7:11:57 AM"
"f30eac33-2a0b-452c-8cd9-0ab8b55f9cfd","1c537041-759e-4717-9611-336bf342bf84","9/13/2023 9:45:55 AM"
"f30eac33-2a0b-452c-8cd9-0ab8b55f9cfd","54a09e4d-47cd-4c32-b449-6a674ba7509a","5/17/2021 12:19:36 PM"
"f30eac33-2a0b-452c-8cd9-0ab8b55f9cfd","44220b2e-9a78-4468-8b90-d710f20a7895","9/13/2023 10:01:27 AM"
"f30eac33-2a0b-452c-8cd9-0ab8b55f9cfd","c2bb5171-c600-486c-929a-442062c1f499","10/8/2022 7:16:14 AM"
"f30eac33-2a0b-452c-8cd9-0ab8b55f9cfd","bc51ca54-b006-4f61-95ea-947ccec24934","4/20/2022 3:59:55 PM"
"f30eac33-2a0b-452c-8cd9-0ab8b55f9cfd","e7b9cb2b-da48-4744-af52-92bfaf548f98","5/17/2021 3:11:17 PM"
"0072bc6e-8994-44aa-a3c9-0ac0bc33144f","42a18d16-19ad-4ffe-bc2f-45280b0b6a5c","2/23/2023 6:07:25 AM"
"0072bc6e-8994-44aa-a3c9-0ac0bc33144f","ea298a19-832d-43ac-a9f8-5dbdccbb028d","12/21/2022 8:07:35 PM"
"0072bc6e-8994-44aa-a3c9-0ac0bc33144f","2e1119de-d2bc-450a-b38a-fcf25165564d","9/23/2022 7:53:12 AM"
"0072bc6e-8994-44aa-a3c9-0ac0bc33144f","27e4e577-d36e-4b2c-8481-7e050dd0ddb8","9/19/2022 10:59:21 AM"
"0072bc6e-8994-44aa-a3c9-0ac0bc33144f","758c6e7e-ac47-4f43-b399-a1999ae61f2e","6/16/2022 11:27:42 PM"
"0072bc6e-8994-44aa-a3c9-0ac0bc33144f","45206452-655f-4c53-acad-dbf752dfff8a","10/21/2021 11:01:52 PM"
"0072bc6e-8994-44aa-a3c9-0ac0bc33144f","cdc69b93-4c37-431a-b71c-da0e21078b47","10/20/2021 10:02:12 PM"
"0072bc6e-8994-44aa-a3c9-0ac0bc33144f","f4924557-ee8a-468d-87f8-f206b37861f2","10/25/2021 8:08:28 AM"
"0072bc6e-8994-44aa-a3c9-0ac0bc33144f","8e075229-559b-4541-9b9b-de31135a0502","3/15/2023 10:05:23 AM"
"0072bc6e-8994-44aa-a3c9-0ac0bc33144f","81b57e0f-861b-453c-a9aa-66aa5578fbc9","5/16/2021 8:26:56 PM"
"0072bc6e-8994-44aa-a3c9-0ac0bc33144f","cbcd587c-59de-4b34-9541-6773101a762a","5/17/2021 12:14:43 PM"
"0072bc6e-8994-44aa-a3c9-0ac0bc33144f","e6242866-babe-4fc4-9873-79d1f5087402","5/17/2021 10:21:12 AM"
"0072bc6e-8994-44aa-a3c9-0ac0bc33144f","5a7fa366-e125-4d86-87f6-14efbea851e8","1/28/2022 9:18:38 AM"
"0072bc6e-8994-44aa-a3c9-0ac0bc33144f","b34a1696-12bf-4ee0-a632-a40bca59fb4d","1/12/2022 5:03:06 PM"
"0072bc6e-8994-44aa-a3c9-0ac0bc33144f","8762b432-046f-430d-b098-08c770dbd814","1/15/2022 9:06:12 AM"
"0072bc6e-8994-44aa-a3c9-0ac0bc33144f","28df52c3-0d02-4860-ae70-806f5affda4f","6/23/2021 10:12:25 AM"
"0072bc6e-8994-44aa-a3c9-0ac0bc33144f","1884a355-80bd-4550-be47-45a29bf1d219","7/3/2022 1:04:46 PM"
"913749ce-f7ab-4096-9904-0afc4364d509","4fd8e28a-2d04-40fe-a249-772305a3decb","1/8/2024 9:47:27 AM"
"913749ce-f7ab-4096-9904-0afc4364d509","81acaec9-71ee-4f8c-b2f7-1514273ef4b0","10/25/2023 3:19:56 PM"
"913749ce-f7ab-4096-9904-0afc4364d509","142ce499-3c02-4f9f-acb0-472392a15c2a","10/25/2023 9:46:36 PM"
"913749ce-f7ab-4096-9904-0afc4364d509","668b5678-3ef6-4211-be8b-28cda44b4cb9","9/13/2023 10:17:37 PM"
"913749ce-f7ab-4096-9904-0afc4364d509","a04cd0dd-cfeb-4e92-bf66-489637bec8d5","9/13/2023 10:17:37 PM"
"913749ce-f7ab-4096-9904-0afc4364d509","5894b36b-5f48-44a9-b2ba-4fa0c4947dc1","5/17/2021 9:29:35 PM"
"913749ce-f7ab-4096-9904-0afc4364d509","c03165b5-82ae-4fd9-9bbc-b71ee3545676","5/17/2021 9:49:25 AM"
"913749ce-f7ab-4096-9904-0afc4364d509","552204bd-6a3d-4391-9a52-3b06cff1d5c8","12/9/2021 9:56:38 AM"
"913749ce-f7ab-4096-9904-0afc4364d509","345f7030-6494-4bc4-9ae9-314811ac7e7e","5/17/2021 9:28:51 PM"
"913749ce-f7ab-4096-9904-0afc4364d509","0e0f44ec-bfc3-4e1c-9398-e03a0c311bbd","5/17/2021 9:28:51 PM"
"913749ce-f7ab-4096-9904-0afc4364d509","0a8c24a9-30de-4fe4-ba50-89736cf6ba15","5/17/2021 9:29:35 PM"
"913749ce-f7ab-4096-9904-0afc4364d509","378c5780-fc27-40d7-a1a3-427103382f54","5/17/2021 9:29:35 PM"
"913749ce-f7ab-4096-9904-0afc4364d509","8c5fbf63-d507-41ba-9207-28eba594ee12","5/17/2021 9:28:51 PM"
"f8443197-5504-4a79-8a5f-0b0122a90594","3b622889-8cc2-4084-a968-143a3b2ca220","5/17/2021 9:02:01 PM"
"f8443197-5504-4a79-8a5f-0b0122a90594","f39e21af-4d5e-4825-bfe8-e7c10177c32d","5/17/2021 9:04:54 PM"
"f8443197-5504-4a79-8a5f-0b0122a90594","0bb91e39-fd1b-4ade-a698-8dda022f9c05","5/17/2021 4:49:11 PM"
"f8443197-5504-4a79-8a5f-0b0122a90594","9f88930c-58ed-4ffa-87ee-3da924e24fb0","5/17/2021 4:45:06 PM"
"f8443197-5504-4a79-8a5f-0b0122a90594","cc354ce3-e591-4046-a676-bfad5044de7b","5/17/2021 4:48:59 PM"
"f8443197-5504-4a79-8a5f-0b0122a90594","3b65982d-af35-44f6-94ce-2059b470894d","5/17/2021 4:49:11 PM"
"f8443197-5504-4a79-8a5f-0b0122a90594","6ee121f6-d138-4b0f-98e3-16d130c3b93e","5/17/2021 3:33:10 PM"
"f8443197-5504-4a79-8a5f-0b0122a90594","892cec76-3831-4992-86e7-0d7952b2909a","5/17/2021 4:49:11 PM"
"f8443197-5504-4a79-8a5f-0b0122a90594","6ba5dbb3-6959-428f-a675-51d1c05d581d","5/17/2021 4:48:59 PM"
"f8443197-5504-4a79-8a5f-0b0122a90594","53749ea5-4fa0-4db3-9d7c-c28a2f57c6e9","5/17/2021 4:30:17 PM"
"f8443197-5504-4a79-8a5f-0b0122a90594","97352158-73b0-40b1-83c0-3e9cdaa6079f","1/7/2024 6:16:16 PM"
"f8443197-5504-4a79-8a5f-0b0122a90594","4e52be7d-51cd-4311-be2d-0eccc3cfefd2","5/17/2021 4:33:58 PM"
"f8443197-5504-4a79-8a5f-0b0122a90594","9aa2421c-f0b6-420f-9475-7f80412d2723","5/17/2021 4:48:59 PM"
"f8443197-5504-4a79-8a5f-0b0122a90594","90ffef26-3957-48db-9712-cca4f407f129","5/17/2021 1:31:44 PM"
"f8443197-5504-4a79-8a5f-0b0122a90594","f6fc5af3-46b0-44a1-9b08-6d068ce59e9e","2/18/2022 6:50:17 AM"
"f8443197-5504-4a79-8a5f-0b0122a90594","712b5984-bcc3-4341-b5b4-e654bf752fca","1/7/2024 5:34:22 PM"
"f8443197-5504-4a79-8a5f-0b0122a90594","dcc56b0a-9b09-40b4-aa66-a1a322fec260","5/17/2021 4:29:21 PM"
"f8443197-5504-4a79-8a5f-0b0122a90594","895c74ce-dc57-486b-8f17-8a03652dfded","5/17/2021 4:49:11 PM"
"f8443197-5504-4a79-8a5f-0b0122a90594","a3023551-9918-4791-8891-d241c25d6108","5/17/2021 4:27:56 PM"
"f8443197-5504-4a79-8a5f-0b0122a90594","b1978645-9cec-4180-a1fd-793dcbb847a7","5/16/2021 8:29:43 PM"
"f8443197-5504-4a79-8a5f-0b0122a90594","fb8fcfea-89ea-4f13-be31-77e30084bb32","5/17/2021 4:48:59 PM"
"f8443197-5504-4a79-8a5f-0b0122a90594","e69e2039-0373-4c17-bd21-472b7ae68b19","5/17/2021 1:29:30 PM"
"f8443197-5504-4a79-8a5f-0b0122a90594","6df7c382-c9b6-4b44-880d-b0fbd8ebea73","5/17/2021 4:48:59 PM"
"f8443197-5504-4a79-8a5f-0b0122a90594","52c44b79-af72-4390-a457-0e4cca3c82fa","5/17/2021 4:49:11 PM"
"f8443197-5504-4a79-8a5f-0b0122a90594","32c95dd9-9df5-493e-945d-ded277ef2b2a","5/16/2021 9:03:33 PM"
"f8443197-5504-4a79-8a5f-0b0122a90594","caecdb29-399d-497a-8c56-24dedaef57f1","5/17/2021 1:25:52 PM"
"f8443197-5504-4a79-8a5f-0b0122a90594","34d6ae4f-7589-42ec-8157-7cf9ccb24b9f","5/19/2022 5:33:09 PM"
"f8443197-5504-4a79-8a5f-0b0122a90594","61b15fc2-6b8a-4785-9b0d-df32548e9fc2","5/17/2021 4:33:58 PM"
"f8443197-5504-4a79-8a5f-0b0122a90594","756b0b42-5de6-4664-b2b2-113e96e2d62c","5/17/2021 4:57:19 PM"
"f8443197-5504-4a79-8a5f-0b0122a90594","6d1792f8-45bd-4fea-83e2-ffd45ba15e04","5/17/2021 1:31:28 PM"
"9302be1e-6bd4-4d65-9f0c-0b7b0615cbc2","47c30f8a-c233-472d-adc7-6ec7e73fd7ca","4/23/2024 8:03:52 AM"
"9302be1e-6bd4-4d65-9f0c-0b7b0615cbc2","d451edb2-cc07-4c69-9ffc-6c71cb6de3c4","2/5/2024 12:48:05 PM"
"9302be1e-6bd4-4d65-9f0c-0b7b0615cbc2","55c00f51-48c2-4ac7-a72f-5d6b25ba3f38","2/5/2024 12:48:05 PM"
"9302be1e-6bd4-4d65-9f0c-0b7b0615cbc2","09d13ae3-9550-4226-83f6-6f2aab5ee967","10/25/2023 8:53:54 AM"
"9302be1e-6bd4-4d65-9f0c-0b7b0615cbc2","e2cab4ac-a2bc-4f8c-aff7-0ad2097da907","10/25/2023 8:53:54 AM"
"9302be1e-6bd4-4d65-9f0c-0b7b0615cbc2","4f60502b-a56c-4594-a776-c003d013625c","7/1/2023 12:27:27 PM"
"9302be1e-6bd4-4d65-9f0c-0b7b0615cbc2","846cf1fd-f585-4b99-b9ef-6a97eb3bdeba","2/7/2023 1:56:16 PM"
"9302be1e-6bd4-4d65-9f0c-0b7b0615cbc2","cd2e2b16-5886-4d83-9821-dfb804db7eaa","4/12/2022 1:52:21 PM"
"9302be1e-6bd4-4d65-9f0c-0b7b0615cbc2","8075b91a-c7a3-4003-9dcd-8de7d713a3fd","2/5/2022 7:59:12 AM"
"9302be1e-6bd4-4d65-9f0c-0b7b0615cbc2","bc3ca9e8-1545-4d6c-9654-3d7c233a2d03","1/28/2022 6:54:26 AM"
"a4eaacbb-9bd6-4c90-85b0-0d9ddbf463cb","186ce318-5c91-4773-9a33-41c5db634ecc","5/17/2021 4:28:33 PM"
"8f2c7ebf-fe05-4e4d-94f1-0e392972015c","29a5ea80-2054-4d9f-b9c9-64414d81ee86","11/12/2023 3:31:50 AM"
"8f2c7ebf-fe05-4e4d-94f1-0e392972015c","c584cc00-1c20-4d43-aeda-426502490783","10/25/2023 3:19:56 PM"
"8f2c7ebf-fe05-4e4d-94f1-0e392972015c","852aa7ed-da50-4323-8412-0c7cd14acde6","7/19/2023 9:19:51 PM"
"8f2c7ebf-fe05-4e4d-94f1-0e392972015c","d8cb5ff5-0c5c-4fb4-8668-089085135ce0","7/13/2023 12:59:39 AM"
"8f2c7ebf-fe05-4e4d-94f1-0e392972015c","36c715fb-59b9-4279-85ad-ca1ff63b7688","5/26/2023 11:59:56 AM"
"8f2c7ebf-fe05-4e4d-94f1-0e392972015c","f4b2dd3a-1bdf-4401-90fa-e570f18a55ba","11/17/2022 8:54:38 AM"
"8f2c7ebf-fe05-4e4d-94f1-0e392972015c","7dfcfc5f-fb85-4929-ba45-484d5942d445","10/10/2022 7:57:23 PM"
"8f2c7ebf-fe05-4e4d-94f1-0e392972015c","7d519deb-7cb5-4e98-8d37-09463d2d88c7","1/13/2022 10:02:56 AM"
"8f2c7ebf-fe05-4e4d-94f1-0e392972015c","f85b07fc-2a86-4064-9a7b-228d3dfcf295","1/13/2022 10:02:56 AM"
"8f2c7ebf-fe05-4e4d-94f1-0e392972015c","2b45a79b-d88f-47a3-b164-f7a953a5be02","1/13/2022 10:02:56 AM"
"8f2c7ebf-fe05-4e4d-94f1-0e392972015c","613f034d-434e-4371-9b72-ad073ebfc30a","1/13/2022 10:02:56 AM"
"8f2c7ebf-fe05-4e4d-94f1-0e392972015c","94b4d83c-29b5-4e5b-a45b-dd0cbec7b085","5/17/2021 10:17:54 AM"
"8f2c7ebf-fe05-4e4d-94f1-0e392972015c","137e9fc2-24ae-4c52-9cd9-959be19a69be","5/17/2021 10:17:54 AM"
"8f2c7ebf-fe05-4e4d-94f1-0e392972015c","c1c25e45-bb14-4a9d-a385-a1b6fbab0751","1/13/2022 10:02:56 AM"
"8f2c7ebf-fe05-4e4d-94f1-0e392972015c","57a091ef-4b30-451a-bad5-0229841d64ca","5/17/2021 10:21:12 AM"
"8f2c7ebf-fe05-4e4d-94f1-0e392972015c","4f0e2551-1a77-44c7-98fe-28175cd861a7","5/17/2021 10:17:54 AM"
"8f2c7ebf-fe05-4e4d-94f1-0e392972015c","098c145e-4645-4324-bb21-bb3d1a025038","1/12/2022 9:54:35 AM"
"8f2c7ebf-fe05-4e4d-94f1-0e392972015c","43cd65ca-6104-4839-accf-068ee845ad32","1/12/2022 9:54:04 AM"
"e7faecde-4c3d-4daf-86aa-8b027a0a5297","1f2cd8f2-66b0-41ef-962d-1a938a7359b6","7/31/2024 10:35:27 AM"
"e7faecde-4c3d-4daf-86aa-8b027a0a5297","5c3cb927-8ea9-4b7f-bafb-8f13a5cb431a","7/25/2024 6:00:36 PM"
"e7faecde-4c3d-4daf-86aa-8b027a0a5297","d03cd63b-a604-45de-a412-314fd01f61cb","7/12/2024 5:09:12 PM"
"e7faecde-4c3d-4daf-86aa-8b027a0a5297","e087a690-2386-47bb-8f89-687b86173736","7/12/2024 11:15:19 PM"
"e7faecde-4c3d-4daf-86aa-8b027a0a5297","4ee57267-bd71-4048-89df-69e810517255","7/4/2024 9:34:39 PM"
"e7faecde-4c3d-4daf-86aa-8b027a0a5297","4024fc3b-2ffd-4213-ab44-618b76360eb3","7/4/2024 3:35:10 PM"
"e7faecde-4c3d-4daf-86aa-8b027a0a5297","131fe0f8-c1c6-4295-a2c0-68d87a0b0a6a","7/4/2024 3:43:20 PM"
"e7faecde-4c3d-4daf-86aa-8b027a0a5297","f1f37f22-ffd0-42f6-ad14-fd79591c5ea5","7/4/2024 2:01:20 PM"
"e7faecde-4c3d-4daf-86aa-8b027a0a5297","19183614-db83-4a2f-b0ae-f167fd81280b","7/4/2024 8:56:39 PM"
"e7faecde-4c3d-4daf-86aa-8b027a0a5297","8e268121-0bbd-4a52-9994-1dda9dceba01","7/4/2024 2:01:20 PM"
"e7faecde-4c3d-4daf-86aa-8b027a0a5297","7805796f-8e74-42de-b7fd-f0c80a8a49af","7/2/2024 9:10:22 PM"
"e7faecde-4c3d-4daf-86aa-8b027a0a5297","6af8e72f-0240-48fe-b611-61a31bfd3def","6/15/2024 4:55:00 PM"
"e7faecde-4c3d-4daf-86aa-8b027a0a5297","435ce8d7-5ff4-459b-81e3-6ec04afdb65b","6/1/2024 5:48:49 PM"
"e7faecde-4c3d-4daf-86aa-8b027a0a5297","f8f598f7-9866-4f17-863c-b1e824993fa6","6/8/2024 5:05:15 AM"
"e7faecde-4c3d-4daf-86aa-8b027a0a5297","8b62670a-7bfe-4c3a-9534-95c58ef8ba34","4/23/2024 9:05:12 PM"
"e7faecde-4c3d-4daf-86aa-8b027a0a5297","c179f19e-a11b-4bbc-a034-ccef692d3b82","4/13/2024 9:31:20 AM"
"e7faecde-4c3d-4daf-86aa-8b027a0a5297","798736cb-e693-4a11-a53f-7231e1077598","4/11/2024 2:56:35 PM"
"e7faecde-4c3d-4daf-86aa-8b027a0a5297","bf85a2ef-174c-4fef-976a-04ae581e797a","11/8/2023 12:36:35 PM"
"e7faecde-4c3d-4daf-86aa-8b027a0a5297","6249bc2c-9541-4959-931c-bb7a0698d3b8","1/14/2024 6:21:13 PM"
"e7faecde-4c3d-4daf-86aa-8b027a0a5297","dde3d731-1d97-4f3b-8602-04a792cefa69","9/15/2023 1:44:13 AM"
"e7faecde-4c3d-4daf-86aa-8b027a0a5297","b2577f6d-492f-417d-92c6-0ddf14241f1a","11/11/2022 5:12:54 PM"
"e7faecde-4c3d-4daf-86aa-8b027a0a5297","846460be-27c1-4a09-8680-19f075531830","9/17/2022 6:24:25 AM"
"e7faecde-4c3d-4daf-86aa-8b027a0a5297","b33090b2-6285-4eac-aa49-7fa07b944fcd","7/29/2022 2:05:02 PM"
"e7faecde-4c3d-4daf-86aa-8b027a0a5297","51035aaa-cc19-4648-a0af-5e8222c3ef61","6/29/2022 5:54:08 PM"
"e7faecde-4c3d-4daf-86aa-8b027a0a5297","daa51678-cf58-4be0-aad8-c183cdd447f0","6/22/2022 5:52:23 PM"
"e7faecde-4c3d-4daf-86aa-8b027a0a5297","4b5e2c93-c553-4acc-b928-009be20d1811","5/4/2022 4:04:17 AM"
"e7faecde-4c3d-4daf-86aa-8b027a0a5297","1acd816e-24a6-4569-8bf8-8929307c20ce","7/3/2022 10:52:30 AM"
"e7faecde-4c3d-4daf-86aa-8b027a0a5297","24de8362-ee7d-4c27-989a-5d986e112def","4/23/2022 6:14:12 AM"
"e7faecde-4c3d-4daf-86aa-8b027a0a5297","16a4ac95-2f2d-458f-97dc-56767052867a","2/17/2023 7:54:51 AM"
"e7faecde-4c3d-4daf-86aa-8b027a0a5297","0712149f-f423-4f1d-b152-3abd6df3a08a","1/27/2022 8:36:14 PM"
"e7faecde-4c3d-4daf-86aa-8b027a0a5297","e7be67dd-dfcf-46be-9655-1cce458397b7","12/9/2021 9:02:58 AM"
"e7faecde-4c3d-4daf-86aa-8b027a0a5297","6e3604f0-be1a-4b49-a330-497f2abba9c7","12/1/2021 8:48:26 AM"
"e7faecde-4c3d-4daf-86aa-8b027a0a5297","7e06ce3d-5f04-4711-b8c6-65973bf7bdad","6/30/2021 7:47:56 PM"
"e7faecde-4c3d-4daf-86aa-8b027a0a5297","2e0ac6de-5430-4118-9830-308ef3270e26","3/23/2023 12:06:59 AM"
"e7faecde-4c3d-4daf-86aa-8b027a0a5297","ee06b504-6c4c-4c98-b16c-13919121f297","10/15/2021 12:25:04 AM"
"e7faecde-4c3d-4daf-86aa-8b027a0a5297","142abcd2-4ef7-44dd-bb27-4c238fbcd77a","10/14/2021 11:29:11 PM"
"e7faecde-4c3d-4daf-86aa-8b027a0a5297","df3b9fb5-111b-4501-9cd1-b8eb4d4a401b","7/13/2021 4:03:28 PM"
"e7faecde-4c3d-4daf-86aa-8b027a0a5297","79c31855-2a57-4f13-a696-37bf5e257b93","5/17/2021 9:00:50 PM"
"e7faecde-4c3d-4daf-86aa-8b027a0a5297","fcfa4712-1e2e-49f0-8ffc-68018df410c1","7/13/2021 4:03:28 PM"
"e7faecde-4c3d-4daf-86aa-8b027a0a5297","f4bc369d-4e67-444a-b07d-f891a3bc64e9","2/9/2022 9:13:27 AM"
"e7faecde-4c3d-4daf-86aa-8b027a0a5297","db942318-bad1-468e-92fa-9475f214c41d","5/17/2021 9:28:51 PM"
"e7faecde-4c3d-4daf-86aa-8b027a0a5297","fb290964-1065-4e7d-acf5-daa0503fb134","7/13/2021 4:03:28 PM"
"e7faecde-4c3d-4daf-86aa-8b027a0a5297","b008e221-87d7-4460-81bb-2706005160bd","12/9/2021 9:54:45 AM"
"e7faecde-4c3d-4daf-86aa-8b027a0a5297","b9aa2e6c-0420-432b-878f-e8491d2f0757","5/17/2021 9:49:25 AM"
"e7faecde-4c3d-4daf-86aa-8b027a0a5297","a7dd1396-8cb2-485d-9374-5f7a8bf28b17","5/16/2021 8:22:45 PM"
"e7faecde-4c3d-4daf-86aa-8b027a0a5297","3131c376-2fbc-4fc8-8c9e-3581a340fdae","5/16/2021 8:24:27 PM"
"e7faecde-4c3d-4daf-86aa-8b027a0a5297","f033eabd-2407-4f87-90b0-d02ccc81747c","7/13/2021 4:03:28 PM"
"e7faecde-4c3d-4daf-86aa-8b027a0a5297","33e8107f-23a1-4207-a3e3-357bdc49ba96","7/25/2023 5:06:26 PM"
"e7faecde-4c3d-4daf-86aa-8b027a0a5297","63048ff0-ece4-4ac5-8fa4-8919d290fc59","5/16/2021 8:21:52 PM"
"e7faecde-4c3d-4daf-86aa-8b027a0a5297","5b463694-b0d2-455d-a09c-6288daae9668","7/13/2021 4:03:28 PM"
"e7faecde-4c3d-4daf-86aa-8b027a0a5297","e6a2a7e3-e7de-4cef-9c16-be3b9e456a84","9/12/2023 10:40:15 AM"
"e7faecde-4c3d-4daf-86aa-8b027a0a5297","7af2bef2-3d7c-4370-8919-4f3ebee4d962","9/12/2023 10:51:30 AM"
"e7faecde-4c3d-4daf-86aa-8b027a0a5297","bdf5cd87-b5e6-41ec-8317-f8f0a45480bf","9/12/2023 10:51:30 AM"
"e7faecde-4c3d-4daf-86aa-8b027a0a5297","d1c950d6-d8a7-4433-9610-36a86c71c6fe","9/12/2023 10:51:30 AM"
"e7faecde-4c3d-4daf-86aa-8b027a0a5297","daf09d47-b9a9-4c42-9628-a9e507d3e3a1","5/16/2021 8:41:57 PM"
"e7faecde-4c3d-4daf-86aa-8b027a0a5297","feca1e0e-4919-47da-b890-30a31eabb6be","7/13/2021 4:03:28 PM"
"e7faecde-4c3d-4daf-86aa-8b027a0a5297","7451e90f-e348-454a-acd3-b9e954c2ebb9","7/13/2021 4:03:28 PM"
"e7faecde-4c3d-4daf-86aa-8b027a0a5297","4bf63c42-1808-4143-a620-03645ff9e78e","1/7/2024 6:03:13 PM"
"e7faecde-4c3d-4daf-86aa-8b027a0a5297","90321188-c38b-4790-b189-1f79a6f6e60a","5/17/2021 4:31:31 PM"
"e7faecde-4c3d-4daf-86aa-8b027a0a5297","16d26050-8fba-4747-a407-53675d6cf583","1/7/2024 5:44:05 PM"
"e7faecde-4c3d-4daf-86aa-8b027a0a5297","93f9659c-68db-46be-94dd-6bed4c0c46ad","5/17/2021 4:37:26 PM"
"e7faecde-4c3d-4daf-86aa-8b027a0a5297","ac521973-be42-4bcb-9fb2-1c8c15281734","5/16/2021 8:43:33 PM"
"e7faecde-4c3d-4daf-86aa-8b027a0a5297","1652e126-9e4d-4e4b-8e0f-2b8a78e79847","5/17/2021 4:36:34 PM"
"e7faecde-4c3d-4daf-86aa-8b027a0a5297","1d9dd2c0-cd44-4fdd-a608-bc9dbc449ede","5/17/2021 4:56:43 PM"
"e7faecde-4c3d-4daf-86aa-8b027a0a5297","33205b17-75cd-4c73-a27a-bcdad2a075f4","5/16/2021 8:46:18 PM"
"e7faecde-4c3d-4daf-86aa-8b027a0a5297","e68c7af4-728a-4ec2-ad52-8be76b27c4ab","7/13/2021 4:03:28 PM"
"e7faecde-4c3d-4daf-86aa-8b027a0a5297","62b30c2b-dbf0-49dd-b086-de817bd1927e","7/13/2021 4:03:28 PM"
"e7faecde-4c3d-4daf-86aa-8b027a0a5297","af3b6291-3c46-4078-8582-d88e5bc06e24","9/12/2023 11:00:23 AM"
"e7faecde-4c3d-4daf-86aa-8b027a0a5297","68d7d17b-3db1-4d7a-8b5b-df2918db3f5e","5/17/2021 4:29:50 PM"
"e7faecde-4c3d-4daf-86aa-8b027a0a5297","21f296cb-b966-422c-9f36-be1d5610d831","1/7/2024 5:52:06 PM"
"e7faecde-4c3d-4daf-86aa-8b027a0a5297","46c335fb-a81d-4c72-87e7-767421e3ad45","5/17/2021 4:39:20 PM"
"e7faecde-4c3d-4daf-86aa-8b027a0a5297","f49ebfd5-9aab-4183-8407-d8d8d88a6075","9/12/2023 11:11:24 AM"
"e7faecde-4c3d-4daf-86aa-8b027a0a5297","01d87c73-4421-4891-ba3e-2577f489a6db","5/16/2021 8:44:31 PM"
"e7faecde-4c3d-4daf-86aa-8b027a0a5297","807808f2-0e1b-4cfd-8c3b-802b6514c664","9/12/2023 11:11:24 AM"
"e7faecde-4c3d-4daf-86aa-8b027a0a5297","52657e79-e922-4aaf-a0ae-f88d25f1d4d1","5/16/2021 8:30:20 PM"
"e7faecde-4c3d-4daf-86aa-8b027a0a5297","3076bca3-b18f-481d-8549-9a4167de3348","5/17/2021 7:40:26 PM"
"e7faecde-4c3d-4daf-86aa-8b027a0a5297","085ab40b-55a7-4e56-9c0a-a02fa9fcf8b8","5/16/2021 8:40:32 PM"
"e7faecde-4c3d-4daf-86aa-8b027a0a5297","8a1e7d0b-1c0b-49c8-8b4c-1da148b2294c","5/16/2021 8:30:50 PM"
"e7faecde-4c3d-4daf-86aa-8b027a0a5297","b6b5bd0e-0457-43e3-a263-661139666d71","1/7/2024 5:53:38 PM"
"e7faecde-4c3d-4daf-86aa-8b027a0a5297","93f001bb-5db7-42be-9568-7f42604bf754","5/17/2021 4:30:17 PM"
"e7faecde-4c3d-4daf-86aa-8b027a0a5297","2951558d-8910-4d7a-814d-694e827f7ea4","1/7/2024 6:11:18 PM"
"e7faecde-4c3d-4daf-86aa-8b027a0a5297","1cb94bc5-d2cf-495a-97a5-ac39c8eac007","5/17/2021 4:29:21 PM"
"e7faecde-4c3d-4daf-86aa-8b027a0a5297","e54a933e-8814-4ffc-8c47-6db1e9bc093d","9/12/2023 11:11:24 AM"
"e7faecde-4c3d-4daf-86aa-8b027a0a5297","dda6739f-fdc6-4659-8134-adb23122d5d4","9/12/2023 11:11:24 AM"
"e7faecde-4c3d-4daf-86aa-8b027a0a5297","829314be-94a8-4291-a1dc-13c1e9d7a969","5/16/2021 8:21:28 PM"
"e7faecde-4c3d-4daf-86aa-8b027a0a5297","ed1291e3-784b-4b2c-8931-2fb20f412287","5/17/2021 9:56:15 PM"
"e7faecde-4c3d-4daf-86aa-8b027a0a5297","d37cb068-073d-4d81-bff4-3d657ee07d17","9/12/2023 11:11:24 AM"
"e7faecde-4c3d-4daf-86aa-8b027a0a5297","783ecfb7-9d44-4aac-8cb8-8effe5ee1b7b","5/17/2021 4:28:33 PM"
"e7faecde-4c3d-4daf-86aa-8b027a0a5297","fdb74df2-00dd-4dd4-8592-667bc74033d1","5/16/2021 8:23:12 PM"
"e7faecde-4c3d-4daf-86aa-8b027a0a5297","6251d8a2-46d5-4e7c-b8e7-b40e6ccf8e5e","5/16/2021 8:28:08 PM"
"e7faecde-4c3d-4daf-86aa-8b027a0a5297","16bd50bf-83ec-4f0d-bbcb-cbd96a735ce1","5/16/2021 8:29:22 PM"
"e7faecde-4c3d-4daf-86aa-8b027a0a5297","3e752b34-51b9-482a-b050-314e5b772473","5/16/2021 8:29:02 PM"
"e7faecde-4c3d-4daf-86aa-8b027a0a5297","3e5feaa2-3b7b-4e48-b469-060fceae8a45","5/16/2021 8:29:43 PM"
"e7faecde-4c3d-4daf-86aa-8b027a0a5297","e51ad463-fb27-46be-8118-fcafca8b340c","5/17/2021 4:36:34 PM"
"e7faecde-4c3d-4daf-86aa-8b027a0a5297","f8cdbc8a-9c35-4215-a4f2-14a1434a8faf","1/7/2024 5:40:39 PM"
"e7faecde-4c3d-4daf-86aa-8b027a0a5297","3f360b55-dc78-46c0-9d2a-6b1864991cb2","5/16/2021 8:24:57 PM"
"e7faecde-4c3d-4daf-86aa-8b027a0a5297","a68d6197-511d-4361-9e80-a7550022fc92","5/17/2021 4:34:45 PM"
"e7faecde-4c3d-4daf-86aa-8b027a0a5297","4b2cddf9-90b2-4dee-b69c-850b3e38c187","5/16/2021 8:41:57 PM"
"e7faecde-4c3d-4daf-86aa-8b027a0a5297","ba3d3f47-f234-408b-aa5c-b8be81031aa8","1/7/2024 6:33:44 PM"
"e7faecde-4c3d-4daf-86aa-8b027a0a5297","536de017-8815-4522-9102-107a10eb007f","5/17/2021 4:36:34 PM"
"e7faecde-4c3d-4daf-86aa-8b027a0a5297","a96c6a5d-73b8-424c-ab06-2fbcaa67475e","5/17/2021 4:37:26 PM"
"e7faecde-4c3d-4daf-86aa-8b027a0a5297","4daeadf8-5d31-43d0-acbc-87ef16b6a9dd","5/17/2021 4:39:20 PM"
"e7faecde-4c3d-4daf-86aa-8b027a0a5297","f2487ea4-0e42-4756-89a4-f01635ebab9a","5/17/2021 4:29:21 PM"
"e7faecde-4c3d-4daf-86aa-8b027a0a5297","1757f5e5-4182-4eb2-b797-922c7c13d9c1","5/17/2021 4:36:34 PM"
"e7faecde-4c3d-4daf-86aa-8b027a0a5297","75ce15cd-daba-4828-a24e-a3758445714b","9/12/2023 11:20:47 AM"
"e7faecde-4c3d-4daf-86aa-8b027a0a5297","d41903f4-1417-43c1-919c-042af6ff15c8","7/13/2021 4:03:28 PM"
"e7faecde-4c3d-4daf-86aa-8b027a0a5297","90ed2760-63f1-4f31-9616-c9d406885464","9/12/2023 11:30:11 AM"
"e7faecde-4c3d-4daf-86aa-8b027a0a5297","a22c031b-3033-426a-8a86-80296fa22ee7","7/13/2021 4:03:28 PM"
"e7faecde-4c3d-4daf-86aa-8b027a0a5297","64804973-cc4c-41b6-b8d8-aa8f0cf8dbe9","7/13/2021 4:03:28 PM"
"e7faecde-4c3d-4daf-86aa-8b027a0a5297","b5eaecb2-6031-407a-bd70-822443cc51b2","5/16/2021 8:29:59 PM"
"e7faecde-4c3d-4daf-86aa-8b027a0a5297","c1a9b955-e9eb-40b5-b90c-b8da0454b772","7/13/2021 4:03:28 PM"
"e7faecde-4c3d-4daf-86aa-8b027a0a5297","6de49499-d1ef-4837-a1e8-a3cf2088fcfe","5/16/2021 8:30:50 PM"
"e7faecde-4c3d-4daf-86aa-8b027a0a5297","04e9a068-1fb4-46cc-9637-48d31bdd7553","5/16/2021 8:21:52 PM"
"e7faecde-4c3d-4daf-86aa-8b027a0a5297","068a9864-4ba3-46a6-8fec-e1492476fce1","7/13/2021 4:03:28 PM"
"e7faecde-4c3d-4daf-86aa-8b027a0a5297","504eecf8-e120-4b7d-8719-9ac0ec6afe03","7/13/2021 4:03:28 PM"
"e7faecde-4c3d-4daf-86aa-8b027a0a5297","d83500df-b9c5-4e30-be70-b6dfd322a16b","5/17/2021 8:46:10 PM"
"e7faecde-4c3d-4daf-86aa-8b027a0a5297","8b580318-cb0c-40b4-a563-54b67890cca5","12/10/2021 8:08:04 AM"
"e7faecde-4c3d-4daf-86aa-8b027a0a5297","8265eb0f-7bfd-4aef-96b7-054cbd666032","5/17/2021 1:30:08 PM"
"e7faecde-4c3d-4daf-86aa-8b027a0a5297","518391a5-1fca-4ea8-9105-b9e995cb0f07","5/17/2021 9:37:50 AM"
"e7faecde-4c3d-4daf-86aa-8b027a0a5297","fc074158-3a11-4910-ba5c-0db2bd2ca62f","5/17/2021 9:36:01 AM"
"e7faecde-4c3d-4daf-86aa-8b027a0a5297","3b0a02a9-4029-47b3-b9a3-21f53bc86baf","5/17/2021 8:48:43 PM"
"e7faecde-4c3d-4daf-86aa-8b027a0a5297","37a66a72-4afe-45b4-8490-eb94f47e4a76","7/3/2022 1:01:00 PM"
"e7faecde-4c3d-4daf-86aa-8b027a0a5297","678b549f-5ffb-4ba7-83c9-d6120b1a196a","5/18/2022 4:55:40 PM"
"e7faecde-4c3d-4daf-86aa-8b027a0a5297","c3eebc82-6ef0-464f-a9db-42a6e4652961","7/3/2022 1:04:46 PM"
"e7faecde-4c3d-4daf-86aa-8b027a0a5297","97f03bca-0d79-4834-a3af-80b44afc87d9","5/18/2022 5:03:00 PM"
"e7faecde-4c3d-4daf-86aa-8b027a0a5297","0b384145-2450-4c6a-9684-966fbb024195","7/29/2022 5:52:47 PM"
"e7faecde-4c3d-4daf-86aa-8b027a0a5297","fa9815a8-14af-4088-bdd8-b5e1172937a6","3/8/2022 7:53:43 AM"
"e7faecde-4c3d-4daf-86aa-8b027a0a5297","6d36b6fa-2f0c-41c0-a393-94030eec9e9f","7/3/2022 1:07:26 PM"
"e7faecde-4c3d-4daf-86aa-8b027a0a5297","1fd40079-31a2-4e82-983f-67438be45aa7","6/30/2022 4:56:57 PM"
"e7faecde-4c3d-4daf-86aa-8b027a0a5297","12bb0835-1e16-4480-84e3-5017652e9395","6/29/2022 3:59:41 PM"
"e7faecde-4c3d-4daf-86aa-8b027a0a5297","dd5c3018-7571-4f24-8bbf-4c510d1ef36b","5/18/2022 5:06:24 PM"
"f7e4e6d3-0cc5-45ce-93bf-bd70bf647dab","936e1a5d-c768-458a-afd4-88e5523c2872","12/14/2021 8:52:05 AM"
"f7e4e6d3-0cc5-45ce-93bf-bd70bf647dab","2149add2-40e0-403e-b039-51733511eb7d","11/9/2021 10:49:40 PM"
"f7e4e6d3-0cc5-45ce-93bf-bd70bf647dab","c5775a58-9ba9-4b10-9bcc-11cfbb59c91a","10/21/2021 9:48:44 PM"
"f7e4e6d3-0cc5-45ce-93bf-bd70bf647dab","3dc4f3cf-b665-4ee4-9fe7-7a9a4a93490d","8/12/2021 3:56:10 PM"
"f7e4e6d3-0cc5-45ce-93bf-bd70bf647dab","3b58ca6f-48ae-4ae0-8a1b-9330b4d8677e","6/16/2021 12:25:02 PM"
"f7e4e6d3-0cc5-45ce-93bf-bd70bf647dab","bf043075-bd6d-46e3-9518-8b0a6d7f57ad","5/17/2021 9:00:50 PM"
"f7e4e6d3-0cc5-45ce-93bf-bd70bf647dab","f57a3696-a9a1-4644-8adb-842e53e271e2","6/16/2021 12:19:28 PM"
"f7e4e6d3-0cc5-45ce-93bf-bd70bf647dab","b08176c2-d2d4-40f1-8573-c4c7a4a71b51","6/16/2021 12:19:13 PM"
"f7e4e6d3-0cc5-45ce-93bf-bd70bf647dab","9bf3fd93-b383-4677-8714-7ca24040ac0f","5/17/2021 4:39:20 PM"
"f7e4e6d3-0cc5-45ce-93bf-bd70bf647dab","ffa55d0a-8238-4267-8c3d-fb087c74be2d","5/17/2021 4:30:17 PM"
"f7e4e6d3-0cc5-45ce-93bf-bd70bf647dab","68d76030-18cd-45bc-91f4-e78bfc988792","1/7/2024 6:12:53 PM"
"f7e4e6d3-0cc5-45ce-93bf-bd70bf647dab","8bbd82b4-4746-4d23-bd22-bac59e8ebba5","5/16/2021 8:39:50 PM"
"f7e4e6d3-0cc5-45ce-93bf-bd70bf647dab","56ffc4c4-2af9-47e1-b121-3d7753c2191b","5/17/2021 4:27:56 PM"
"f7e4e6d3-0cc5-45ce-93bf-bd70bf647dab","4e9bc9e9-73dd-47d0-84d8-52c7f6714224","1/7/2024 6:03:13 PM"
"f7e4e6d3-0cc5-45ce-93bf-bd70bf647dab","dd2bbf87-e9e8-427c-9a03-bd214167d637","5/17/2021 4:36:34 PM"
"f7e4e6d3-0cc5-45ce-93bf-bd70bf647dab","4fa17226-dcc7-4261-913a-934384364d0f","5/17/2021 4:27:56 PM"
"f7e4e6d3-0cc5-45ce-93bf-bd70bf647dab","4aa11602-3560-4824-b9a7-5d5f8ba3a769","5/17/2021 4:33:58 PM"
"f7e4e6d3-0cc5-45ce-93bf-bd70bf647dab","c4f1fd11-f7f1-4ab1-864f-929be06cd97b","5/17/2021 4:36:34 PM"
"f7e4e6d3-0cc5-45ce-93bf-bd70bf647dab","2d1c3d1c-69ac-44a8-9c7c-c158ec4630f5","5/17/2021 4:32:44 PM"
"f7e4e6d3-0cc5-45ce-93bf-bd70bf647dab","4fb533b9-5d20-41c2-918a-2a357f24ab34","1/7/2024 5:45:47 PM"
"f7e4e6d3-0cc5-45ce-93bf-bd70bf647dab","98d5e17f-d45d-4a31-85ab-489b73259a55","5/17/2021 4:32:09 PM"
"f7e4e6d3-0cc5-45ce-93bf-bd70bf647dab","f96bfa64-a092-45cb-8137-493db9100585","5/17/2021 4:29:21 PM"
"f7e4e6d3-0cc5-45ce-93bf-bd70bf647dab","181bf555-abb9-46ad-b101-23f8a57f5e17","1/7/2024 5:44:05 PM"
"f7e4e6d3-0cc5-45ce-93bf-bd70bf647dab","ad7fb881-d492-45eb-b48e-11ef6807f083","5/17/2021 4:56:43 PM"
"f7e4e6d3-0cc5-45ce-93bf-bd70bf647dab","e61a2662-a42b-47fc-8ba6-cc092aa0e01e","5/17/2021 4:26:55 PM"
"f7e4e6d3-0cc5-45ce-93bf-bd70bf647dab","7570481a-9770-4eeb-b965-c2fd96a45d16","5/17/2021 4:31:31 PM"
"f7e4e6d3-0cc5-45ce-93bf-bd70bf647dab","e31faae0-8777-4455-805d-e830c7815ba0","5/17/2021 4:40:21 PM"
"f7e4e6d3-0cc5-45ce-93bf-bd70bf647dab","48240764-e535-4fb6-b6ee-26c7110d706a","5/17/2021 4:26:55 PM"
"f7e4e6d3-0cc5-45ce-93bf-bd70bf647dab","299cccd6-f758-4ea5-9cdc-4c08ec347e57","1/7/2024 6:08:03 PM"
"f7e4e6d3-0cc5-45ce-93bf-bd70bf647dab","1bf917be-93e5-4ff0-9f8e-1752483868b5","5/17/2021 4:28:33 PM"
"f7e4e6d3-0cc5-45ce-93bf-bd70bf647dab","acdb4784-1770-409c-9f55-1530fa8b614d","5/17/2021 4:38:21 PM"
"f7e4e6d3-0cc5-45ce-93bf-bd70bf647dab","f6fdadeb-fe5b-455b-969e-8b99baebb23e","5/17/2021 4:33:58 PM"
"f7e4e6d3-0cc5-45ce-93bf-bd70bf647dab","d732cc6a-4b2c-4e0c-89de-1aa0fbf7ac15","5/17/2021 4:29:21 PM"
"f7e4e6d3-0cc5-45ce-93bf-bd70bf647dab","184f8530-0f93-46df-93f8-60c5337123ce","5/17/2021 4:31:31 PM"
"f7e4e6d3-0cc5-45ce-93bf-bd70bf647dab","8c523c09-f20d-4c5b-aa04-62803c233114","1/7/2024 5:49:09 PM"
"f7e4e6d3-0cc5-45ce-93bf-bd70bf647dab","646ca6eb-f9a4-4de1-b9c8-c669510adca7","5/17/2021 4:40:34 PM"
"f7e4e6d3-0cc5-45ce-93bf-bd70bf647dab","8c8dd10a-7433-4b2d-9e57-0ff9c9a6ce81","5/17/2021 4:30:58 PM"
"f7e4e6d3-0cc5-45ce-93bf-bd70bf647dab","3e6e13b5-3581-4256-85e5-f060a804afca","5/17/2021 4:32:44 PM"
"f7e4e6d3-0cc5-45ce-93bf-bd70bf647dab","c7ca1d9e-238c-45dd-9dd4-65f8a9d7b797","5/17/2021 4:30:58 PM"
"f7e4e6d3-0cc5-45ce-93bf-bd70bf647dab","bd0186d6-b84a-4fe7-9d98-d92b180b7402","5/17/2021 4:36:34 PM"
"f7e4e6d3-0cc5-45ce-93bf-bd70bf647dab","f5ba4fe2-6e1b-4976-b3f5-0a4578e719ff","5/17/2021 4:38:21 PM"
"f7e4e6d3-0cc5-45ce-93bf-bd70bf647dab","2376d6fc-ee0b-4e3b-bad8-23d04fd680c2","5/17/2021 4:37:26 PM"
"f7e4e6d3-0cc5-45ce-93bf-bd70bf647dab","936d3ca7-97e0-47e0-92c0-8c3f38d32097","5/17/2021 4:32:44 PM"
"f7e4e6d3-0cc5-45ce-93bf-bd70bf647dab","45f56f8c-b949-441c-bd55-03647b928ffb","5/16/2021 8:37:54 PM"
"f7e4e6d3-0cc5-45ce-93bf-bd70bf647dab","1f464c61-12a8-4673-a02f-726ea828f477","5/5/2022 5:49:16 AM"
"f7e4e6d3-0cc5-45ce-93bf-bd70bf647dab","50ae72f0-87ad-472c-a05e-21808ca6c9e4","5/16/2021 8:21:52 PM"
"f7e4e6d3-0cc5-45ce-93bf-bd70bf647dab","c6628ac9-4b9a-40aa-8478-45b7709ee9d6","5/17/2021 8:47:18 PM"
"f7e4e6d3-0cc5-45ce-93bf-bd70bf647dab","f4fc1fc0-67b4-4d41-872e-a236aa72cd63","5/17/2021 8:44:00 PM"
"f7e4e6d3-0cc5-45ce-93bf-bd70bf647dab","aedfcbab-3a29-4951-bf3b-10b77c42181c","5/17/2021 8:45:33 PM"
"f7e4e6d3-0cc5-45ce-93bf-bd70bf647dab","023a04a9-52eb-4af3-8c21-4fb6966f32a5","5/16/2021 9:20:56 PM"
"f7e4e6d3-0cc5-45ce-93bf-bd70bf647dab","3ab17c81-3951-4737-883c-d03840ad7660","5/18/2022 4:40:26 PM"
"f7e4e6d3-0cc5-45ce-93bf-bd70bf647dab","5e829622-3230-4914-a8eb-0e4633c497ce","5/18/2022 5:03:00 PM"
"f7e4e6d3-0cc5-45ce-93bf-bd70bf647dab","3b6d2791-fe60-4244-9733-c37c4086b353","5/18/2022 5:09:29 PM"
"e9e7abad-361d-4529-a353-ebcca555f058","34a7f833-5feb-4c1f-8c34-dd418d54bb2a","1/16/2022 4:04:18 PM"
"e9e7abad-361d-4529-a353-ebcca555f058","e10ebf42-68ba-4d3b-9004-326fc05ba4a2","1/16/2022 4:04:18 PM"
